Price,Close,High,Low,Open,Volume,SMA_50,SMA_200,RSI
Ticker,BTC-USD,BTC-USD,BTC-USD,BTC-USD,BTC-USD,,,
Date,,,,,,,,
2023-01-01,16625.080078125,16630.439453125,16521.234375,16547.9140625,9244361700,16625.080078125,16625.080078125,
2023-01-02,16688.470703125,16759.34375,16572.228515625,16625.509765625,12097775227,16656.775390625,16656.775390625,
2023-01-03,16679.857421875,16760.447265625,16622.37109375,16688.84765625,13903079207,16664.469401041668,16664.469401041668,
2023-01-04,16863.23828125,16964.5859375,16667.763671875,16680.205078125,18421743322,16714.16162109375,16714.16162109375,
2023-01-05,16836.736328125,16884.021484375,16790.283203125,16863.47265625,13692758566,16738.6765625,16738.6765625,
2023-01-06,16951.96875,16991.994140625,16716.421875,16836.47265625,14413662913,16774.225260416668,16774.225260416668,
2023-01-07,16955.078125,16975.017578125,16914.19140625,16952.1171875,7714767174,16800.061383928572,16800.061383928572,
2023-01-08,17091.14453125,17091.14453125,16924.05078125,16954.146484375,9768827914,16836.44677734375,16836.44677734375,
2023-01-09,17196.5546875,17389.95703125,17093.9921875,17093.9921875,18624736866,16876.45876736111,16876.45876736111,
2023-01-10,17446.29296875,17484.720703125,17162.990234375,17192.94921875,15808338949,16933.4421875,16933.4421875,
2023-01-11,17934.896484375,17934.896484375,17337.994140625,17446.359375,18372283782,17024.483487215908,17024.483487215908,
2023-01-12,18869.587890625,19030.087890625,17995.203125,18117.59375,34971338710,17178.2421875,17178.2421875,
2023-01-13,19909.57421875,19964.322265625,18753.1640625,18868.90625,29225029694,17388.34465144231,17388.34465144231,
2023-01-14,20976.298828125,21075.142578125,19907.828125,19910.537109375,38967784639,17644.627092633928,17644.627092633928,
2023-01-15,20880.798828125,20993.748046875,20606.986328125,20977.484375,19298407543,17860.371875,17860.371875,97.10833068849188
2023-01-16,21169.6328125,21360.875,20715.74609375,20882.224609375,26792494050,18067.20068359375,18067.20068359375,97.24579455995519
2023-01-17,21161.51953125,21438.66015625,20978.533203125,21175.833984375,24999983362,18249.219439338234,18249.219439338234,97.25604846100396
2023-01-18,20688.78125,21564.501953125,20541.544921875,21161.05078125,30005625418,18384.750651041668,18384.750651041668,88.01781832298137
2023-01-19,21086.79296875,21163.01171875,20685.380859375,20686.74609375,21152848261,18526.963404605263,18526.963404605263,89.33227484651398
2023-01-20,22676.552734375,22692.357421875,20919.126953125,21085.373046875,28799154319,18734.44287109375,18734.44287109375,91.61949249269632
2023-01-21,22777.625,23282.34765625,22511.833984375,22677.427734375,32442278429,18926.97535342262,18926.97535342262,91.73719131930756
2023-01-22,22720.416015625,23056.73046875,22387.900390625,22777.986328125,24746386230,19099.40447443182,19099.40447443182,90.81316007321536
2023-01-23,22934.431640625,23126.486328125,22654.3046875,22721.087890625,26518700512,19266.144786005436,19266.144786005436,90.95559281194036
2023-01-24,22636.46875,23134.01171875,22549.744140625,22929.626953125,26405069715,19406.574951171875,19406.574951171875,86.79293873312565
2023-01-25,23117.859375,23722.099609375,22406.076171875,22639.267578125,30685366709,19555.026328125,19555.026328125,86.77941886988896
2023-01-26,23032.77734375,23237.078125,22911.373046875,23108.955078125,26357839322,19688.785982572117,19688.785982572117,83.59361234486883
2023-01-27,23078.728515625,23417.720703125,22654.59375,23030.716796875,25383335641,19814.339409722223,19814.339409722223,80.4587832082087
2023-01-28,23031.08984375,23165.896484375,22908.845703125,23079.96484375,14712928379,19929.22335379464,19929.22335379464,74.55957240483528
2023-01-29,23774.56640625,23919.890625,22985.0703125,23031.44921875,27423687259,20061.821390086207,20061.821390086207,79.94839915701914
2023-01-30,22840.138671875,23789.34765625,22657.58203125,23774.6484375,27205595568,20154.431966145832,20154.431966145832,65.25060918703619
2023-01-31,23139.283203125,23225.021484375,22765.568359375,22840.796875,22837828665,20250.717489919356,20250.717489919356,67.14463006513373
2023-02-01,23723.76953125,23764.5390625,22877.75,23137.8359375,26683255504,20359.250366210938,20359.250366210938,75.80935233874905
2023-02-02,23471.87109375,24167.2109375,23468.595703125,23720.82421875,32066936882,20453.572206439392,20453.572206439392,70.79943860796577
2023-02-03,23449.322265625,23678.103515625,23279.955078125,23469.412109375,27083066007,20541.682502297794,20541.682502297794,59.27404005722997
2023-02-04,23331.84765625,23556.94921875,23291.794921875,23446.3203125,15639298538,20621.401506696428,20621.401506696428,56.62516705221368
2023-02-05,22955.666015625,23423.435546875,22841.759765625,23332.248046875,19564262605,20686.2421875,20686.2421875,52.61291358260372
2023-02-06,22760.109375,23119.279296875,22692.025390625,22954.021484375,23825006542,20742.292652027027,20742.292652027027,48.05583667224447
2023-02-07,23264.291015625,23310.974609375,22756.2578125,22757.267578125,27187964471,20808.661030016447,20808.661030016447,56.69400119034083
2023-02-08,22939.3984375,23367.958984375,22731.09765625,23263.416015625,25371367758,20863.295322516027,20863.295322516027,48.03151065162745
2023-02-09,21819.0390625,22996.4375,21773.974609375,22946.56640625,32572572185,20887.188916015624,20887.188916015624,39.101197925728044
2023-02-10,21651.18359375,21941.185546875,21539.392578125,21819.005859375,27078406594,20905.822932545732,20905.822932545732,37.45593979150412
2023-02-11,21870.875,21891.41015625,21618.44921875,21651.841796875,16356226232,20928.800362723214,20928.800362723214,40.104230177974934
2023-02-12,21788.203125,22060.994140625,21682.828125,21870.90234375,17821046406,20948.786473473836,20948.786473473836,30.905387777111045
2023-02-13,21808.1015625,21898.4140625,21460.087890625,21787.0,23918742607,20968.316361860794,20968.316361860794,37.96273389273044
2023-02-14,22220.8046875,22293.140625,21632.39453125,21801.822265625,26792596581,20996.149435763888,20996.149435763888,39.56369382225073
2023-02-15,24307.841796875,24307.841796875,22082.76953125,22220.5859375,32483312909,21068.142747961956,21068.142747961956,54.94729033511111
2023-02-16,23623.474609375,25134.1171875,23602.5234375,24307.349609375,39316664596,21122.511510970744,21122.511510970744,51.196475667710224
2023-02-17,24565.6015625,24924.041015625,23460.755859375,23621.283203125,41358451255,21194.242553710938,21194.242553710938,57.69317434451842
2023-02-18,24641.27734375,24798.8359375,24468.373046875,24565.296875,19625427158,21264.590202487245,21264.590202487245,59.076622229539055
2023-02-19,24327.642578125,25093.0546875,24327.642578125,24640.02734375,25555105670,21325.85125,21325.85125,59.593366426904886
2023-02-20,24829.1484375,25020.458984375,23927.91015625,24336.623046875,28987376573,21489.9326171875,21394.543351715685,63.873874345824014
2023-02-21,24436.353515625,25126.8515625,24200.36328125,24833.048828125,31252098714,21644.8902734375,21453.039701021633,57.97840856212191
2023-02-22,24188.84375,24472.33984375,23644.318359375,24437.41796875,30199996781,21795.07,21504.65864534198,58.59572226716078
2023-02-23,23947.4921875,24572.08984375,23693.919921875,24190.71875,30476264066,21936.755078125,21549.89630353009,66.65762785234715
2023-02-24,23198.126953125,24103.705078125,23007.072265625,23946.0078125,26811744928,22063.982890625,21579.864133522726,61.0966229368829
2023-02-25,23175.375,23210.2109375,22861.55859375,23200.125,16100721565,22188.451015625,21608.355398995536,59.629588192312646
2023-02-26,23561.212890625,23654.3671875,23084.220703125,23174.150390625,16644534842,22320.5737109375,21642.61605674342,62.52734117005442
2023-02-27,23522.87109375,23857.890625,23205.87890625,23561.451171875,22660763494,22449.2082421875,21675.034247036638,62.0843452231186
2023-02-28,23147.353515625,23585.384765625,23077.650390625,23521.837890625,20535363434,22568.22421875,21699.988810911018,56.56398890525605
2023-03-01,23646.55078125,23880.6328125,23088.626953125,23150.9296875,24662841200,22692.229375,21732.431510416667,43.95526862001358
2023-03-02,23475.466796875,23739.138671875,23245.021484375,23647.01953125,20386398516,22803.04078125,21761.005859375,48.506991017515766
2023-03-03,22362.6796875,23479.34765625,22213.23828125,23476.6328125,26062404610,22872.9026171875,21770.710275957663,28.517952495918422
2023-03-04,22353.349609375,22405.177734375,22198.98046875,22362.923828125,11166012913,22921.778125,21779.958519345237,27.39652914804782
2023-03-05,22435.513671875,22613.685546875,22307.142578125,22354.14453125,13317001733,22950.962421875,21790.201568603516,30.41087480851077
2023-03-06,22429.7578125,22584.29296875,22331.314453125,22436.81640625,17353192895,22981.9416015625,21800.040895432692,22.31763486412187
2023-03-07,22219.76953125,22527.41796875,22011.26171875,22428.322265625,22765452204,23002.9443359375,21806.400420217804,23.30048938904241
2023-03-08,21718.080078125,22268.896484375,21708.05078125,22216.44140625,22536575684,23014.075546875,21805.082206156716,21.956041451723678
2023-03-09,20363.021484375,21802.716796875,20210.306640625,21720.080078125,30364664171,23007.5603515625,21783.875430836397,17.525315315602256
2023-03-10,20187.244140625,20370.595703125,19628.25390625,20367.001953125,39578257695,22989.569375,21760.735846920288,19.558022483554396
2023-03-11,20632.41015625,20792.525390625,20068.66015625,20187.876953125,30180288176,22948.6865234375,21744.61690848214,26.312321250536712
2023-03-12,22163.94921875,22185.03125,20448.806640625,20628.029296875,29279035521,22936.4130078125,21750.522997359156,39.27392432483652
2023-03-13,24197.533203125,24550.837890625,21918.19921875,22156.40625,49466362688,22965.9553515625,21784.509250217016,53.96457139263107
2023-03-14,24746.07421875,26514.716796875,24081.18359375,24201.765625,54622230164,23002.188203125,21825.078633347603,59.207457529351444
2023-03-15,24375.9609375,25240.615234375,23964.91015625,24770.92578125,43655701450,23036.978046875,21859.55001583615,54.26427064207613
2023-03-16,25052.7890625,25190.326171875,24225.111328125,24373.45703125,33866061747,23075.676640625,21902.126536458334,58.70648128523041
2023-03-17,27423.9296875,27787.8125,24955.169921875,25055.123046875,50730261335,23163.4996875,21974.781841077303,74.5294613658333
2023-03-18,26965.87890625,27725.953125,26636.26171875,27448.1171875,35723036817,23241.2426953125,22039.60128348214,71.42294203269554
2023-03-19,28038.67578125,28440.560546875,26907.716796875,26969.50390625,37769448859,23341.3944140625,22116.51249499199,73.83101457081447
2023-03-20,27767.236328125,28527.724609375,27242.880859375,28041.6015625,44774027664,23421.2478125,22188.04064477848,72.19932618665088
2023-03-21,28175.81640625,28439.5625,27439.646484375,27768.392578125,36102192830,23527.9613671875,22262.887841796874,74.36946961352103
2023-03-22,27307.4375,28803.3359375,26759.99609375,28158.720703125,33382021890,23611.324453125,22325.16623263889,72.20290785643229
2023-03-23,28333.97265625,28729.84375,27183.36328125,27301.95703125,24220433689,23703.528515625,22398.444359756097,82.5120129782706
2023-03-24,27493.28515625,28388.4375,27039.265625,28324.111328125,25980310960,23783.956796875,22459.827983810243,78.26675579372477
2023-03-25,27494.70703125,27791.826171875,27196.234375,27487.337890625,13383005987,23864.8644921875,22519.767020089286,77.49397690675465
2023-03-26,27994.330078125,28178.14453125,27445.046875,27495.5234375,13878363192,23958.114140625,22584.17364430147,75.46524767058399
2023-03-27,27139.888671875,28037.92578125,26606.689453125,27994.068359375,18188895178,24041.79859375,22637.147074854653,64.32698584425485
2023-03-28,27268.130859375,27460.71875,26677.818359375,27132.888671875,17783600385,24131.9590234375,22690.3767735273,62.80455480900753
2023-03-29,28348.44140625,28619.54296875,27259.662109375,27267.03125,20684945906,24233.64203125,22754.67296253551,68.8118070122865
2023-03-30,28033.5625,29159.90234375,27720.16015625,28350.140625,22435349951,24335.5253125,22813.986328125,64.6166108176382
2023-03-31,28478.484375,28639.896484375,27583.71484375,28032.26171875,19001327598,24468.71421875,22876.9251953125,56.375546181535135
2023-04-01,28411.03515625,28802.45703125,28297.171875,28473.33203125,10876469901,24603.91125,22937.739590487636,59.17011409351057
2023-04-02,28199.30859375,28518.958984375,27884.087890625,28462.845703125,12284641999,24730.479921875,22994.930557914402,51.1443305796899
2023-04-03,27790.220703125,28475.623046875,27276.720703125,28183.080078125,19556501327,24850.5202734375,23046.492817540322,50.160588730732215
2023-04-04,28168.08984375,28433.7421875,27681.3046875,27795.2734375,15284538859,24977.7200390625,23100.977892287236,49.94578287824391
2023-04-05,28177.984375,28739.23828125,27843.763671875,28169.7265625,17052315986,25096.8636328125,23154.420065789473,56.94538371640047
2023-04-06,28044.140625,28178.384765625,27738.759765625,28175.2265625,13837809380,25171.589609375,23205.354654947918,47.303586302536765
2023-04-07,27925.859375,28111.59375,27794.03125,28038.966796875,10861680497,25257.6373046875,23254.019652061856,54.64934377912688
2023-04-08,27947.794921875,28159.86328125,27883.38671875,27920.513671875,9373255556,25325.281171875,23301.91531808036,54.84844646813996
2023-04-09,28333.05078125,28532.830078125,27828.48046875,27952.3671875,12175322951,25399.116640625,23352.734868213385,53.71555943673898
2023-04-10,29652.98046875,29771.46484375,28189.271484375,28336.02734375,19282400094,25505.6233984375,23415.73732421875,75.01272308159452
2023-04-11,30235.05859375,30509.083984375,29609.30078125,29653.6796875,20121259843,25613.7416015625,23483.255356590347,77.08304733066353
2023-04-12,30139.052734375,30462.48046875,29725.57421875,30231.58203125,18651929926,25727.7955859375,23548.508272058825,69.92597686499917
2023-04-13,30399.06640625,30539.845703125,29878.623046875,29892.740234375,17487721001,25852.0000390625,23615.018545206312,76.64880307480266
2023-04-14,30485.69921875,31005.607421875,30044.498046875,30409.5625,22659995079,25982.7641796875,23681.082782451922,74.59819757372321
2023-04-15,30318.49609375,30601.740234375,30245.8828125,30490.75,11940685378,26125.1715625,23744.296242559525,72.81784044754387
2023-04-16,30315.35546875,30555.537109375,30157.83203125,30315.9765625,12854816417,26267.971171875,23806.287367334906,76.64259998819618
2023-04-17,29445.044921875,30319.197265625,29275.37109375,30317.146484375,17872186762,26385.6478125,23858.986036068924,68.6673840413222
2023-04-18,30397.552734375,30470.302734375,29154.849609375,29449.091796875,19480529496,26523.1414453125,23919.5283203125,72.26331242654376
2023-04-19,28822.6796875,30411.0546875,28669.8984375,30394.1875,24571565421,26636.64796875,23964.51136037844,54.904855165281276
2023-04-20,28245.98828125,29076.400390625,28037.2578125,28823.68359375,21340360360,26728.63671875,24003.433877840907,51.43871491543621
2023-04-21,27276.91015625,28349.96875,27177.365234375,28249.23046875,20759504330,26804.6655859375,24032.924655123872,45.874792909046846
2023-04-22,27817.5,27872.142578125,27169.5703125,27265.89453125,13125734602,26913.7619921875,24066.71550641741,49.22298368395023
2023-04-23,27591.384765625,27820.244140625,27400.314453125,27816.14453125,12785446832,27018.5226953125,24097.90726977323,45.491485144565075
2023-04-24,27525.33984375,27979.982421875,27070.849609375,27591.73046875,17703288330,27120.31921875,24127.97246779057,34.7399684755938
2023-04-25,28307.59765625,28371.078125,27207.931640625,27514.873046875,17733373139,27237.876015625,24164.317034646738,36.56159529820606
2023-04-26,28422.701171875,29995.837890625,27324.548828125,28300.05859375,31854242019,27361.9346484375,24201.027242726293,38.06524828551313
2023-04-27,29473.787109375,29871.546875,28402.88671875,28428.46484375,27153445027,27517.0487890625,24246.093566372863,44.20369808914361
2023-04-28,29340.26171875,29572.791015625,28929.609375,29481.013671875,17544464887,27696.59359375,24289.264482918432,42.86645326747443
2023-04-29,29248.48828125,29452.455078125,29088.04296875,29336.56640625,10662634333,27877.8184765625,24330.938632484245,43.27301223530729
2023-04-30,29268.806640625,29952.029296875,29114.021484375,29245.515625,14652199272,28050.54640625,24372.087532552083,43.434675862292046
2023-05-01,28091.568359375,29329.935546875,27680.79296875,29227.103515625,18655599976,28169.0987890625,24402.827043517562,41.8240706307422
2023-05-02,28680.537109375,28881.298828125,27924.123046875,28087.17578125,16432924527,28258.7588671875,24437.890240778688,39.151576239277595
2023-05-03,29006.30859375,29259.533203125,28178.388671875,28680.494140625,19122972518,28343.9635546875,24475.03185340447,51.377651618166986
2023-05-04,28847.7109375,29353.185546875,28694.0390625,29031.3046875,15548678514,28433.3985546875,24510.295394405242,54.81650257395429
2023-05-05,29534.384765625,29668.908203125,28845.509765625,28851.48046875,17936566518,28523.03046875,24550.488109375,68.92563894235036
2023-05-06,28904.623046875,29820.126953125,28468.966796875,29538.859375,15913866714,28552.6443359375,24585.044735863095,58.97968448566866
2023-05-07,28454.978515625,29157.517578125,28441.3671875,28901.623046875,11301355486,28582.426328125,24615.51665538878,56.87928944296052
2023-05-08,27694.2734375,28663.271484375,27310.134765625,28450.45703125,19122903752,28575.53828125,24639.569442749023,51.211614374525475
2023-05-09,27658.775390625,27821.400390625,27375.6015625,27695.068359375,14128593256,28573.3690625,24662.97414001938,44.788296560840834
2023-05-10,27621.755859375,28322.6875,26883.669921875,27654.63671875,20656025026,28562.2878515625,24685.73399939904,43.48462846157513
2023-05-11,27000.7890625,27621.94140625,26781.826171875,27621.0859375,16724343943,28556.1548828125,24703.406175453245,28.369508433871616
2023-05-12,26804.990234375,27055.646484375,25878.4296875,26987.662109375,19313599897,28525.575234375,24719.327266808712,28.06378989783734
2023-05-13,26784.078125,27030.482421875,26710.873046875,26807.76953125,9999171605,28511.39109375,24734.851709351504,28.412192311061474
2023-05-14,26930.638671875,27150.9765625,26661.35546875,26788.974609375,10014858959,28500.1097265625,24751.238179221084,29.9612529744887
2023-05-15,27192.693359375,27646.34765625,26766.09765625,26931.384765625,14413231792,28484.0769921875,24769.323032407407,40.863111049698745
2023-05-16,27036.650390625,27299.3046875,26878.947265625,27171.513671875,12732238816,28482.0122265625,24785.994557100184,31.677620866269947
2023-05-17,27398.802734375,27465.927734375,26600.14453125,27035.470703125,15140006925,28484.6256640625,24805.066149635037,32.227247854964645
2023-05-18,26832.208984375,27466.52734375,26415.1015625,27401.650390625,15222938600,28454.301015625,24819.755590466484,29.560398945157132
2023-05-19,26890.12890625,27128.619140625,26700.2109375,26826.75390625,11258983301,28431.43234375,24834.650362522483,19.264495887506328
2023-05-20,27129.5859375,27155.158203125,26843.27734375,26888.841796875,7044911360,28404.454375,24851.04275948661,27.309011938985293
2023-05-21,26753.826171875,27265.91796875,26706.921875,27118.423828125,8647416921,28371.3101953125,24864.537677304965,27.83481018134438
2023-05-22,26851.27734375,27045.734375,26549.734375,26749.892578125,11056770492,28344.3495703125,24878.528801716548,36.72107281390907
2023-05-23,27225.7265625,27434.68359375,26816.1796875,26855.9609375,13697203143,28333.0596875,24894.942772071678,43.83672452795783
2023-05-24,26334.818359375,27224.603515625,26106.576171875,27224.603515625,16299104428,28296.3942578125,24904.941908094617,35.26529148206687
2023-05-25,26476.20703125,26591.51953125,25890.59375,26329.4609375,13851122697,28262.3587109375,24915.778219288793,43.25287609263384
2023-05-26,26719.291015625,26916.669921875,26343.94921875,26474.181640625,12711619225,28235.86171875,24928.131046660958,48.910991053239776
2023-05-27,26868.353515625,26888.8828125,26621.140625,26720.181640625,7892015141,28214.7116015625,24941.329838966838,51.03713734804924
2023-05-28,28085.646484375,28193.44921875,26802.751953125,26871.158203125,14545229578,28217.4686328125,24962.57522170608,61.249454042973476
2023-05-29,27745.884765625,28432.0390625,27563.876953125,28075.591796875,15181308984,28205.7253125,24981.25515153104,55.307589616662625
2023-05-30,27702.349609375,28044.759765625,27588.501953125,27745.123046875,13251081851,28166.7126953125,24999.39578125,56.52797792379818
2023-05-31,27219.658203125,27831.677734375,26866.453125,27700.529296875,15656371534,28106.4046875,25014.09950589818,48.28384431446951
2023-06-01,26819.97265625,27346.10546875,26671.720703125,27218.412109375,14678970415,28040.0230859375,25025.98025030839,49.878906918947465
2023-06-02,27249.58984375,27303.861328125,26574.64453125,26824.556640625,14837415000,27977.0335546875,25040.513646343956,53.313526542563956
2023-06-03,27075.12890625,27317.052734375,26958.00390625,27252.32421875,8385597470,27908.8221484375,25053.72543374594,49.491924585733216
2023-06-04,27119.06640625,27407.01953125,26968.224609375,27075.123046875,9360912318,27844.8335546875,25067.05021421371,53.63254960875932
2023-06-05,25760.09765625,27129.982421875,25445.16796875,27123.109375,21513292646,27753.7283984375,25071.492826021633,41.324480851507886
2023-06-06,27238.783203125,27313.8203125,25434.8671875,25732.109375,21929670693,27709.6031640625,25085.297223328027,50.08830311918055
2023-06-07,26345.998046875,27332.181640625,26146.98828125,27235.650390625,19530045082,27628.5720703125,25093.2763424644,50.07558994225901
2023-06-08,26508.216796875,26797.513671875,26246.6640625,26347.654296875,11904824295,27582.2828125,25102.17533903302,50.215821767486645
2023-06-09,26480.375,26770.2890625,26339.314453125,26505.923828125,11015551640,27546.970546875,25110.78908691406,48.340986562703186
2023-06-10,25851.240234375,26531.044921875,25501.8359375,26481.76171875,19872933189,27518.4571484375,25115.388162364132,43.37870084903252
2023-06-11,25940.16796875,26203.439453125,25668.986328125,25854.03125,10732609603,27480.9105078125,25120.479395736882,33.627930282795774
2023-06-12,25902.5,26087.919921875,25675.197265625,25934.28515625,11677889997,27447.1328125,25125.277068155676,35.253295150966494
2023-06-13,25918.728515625,26376.3515625,25728.365234375,25902.94140625,14143474486,27415.0005859375,25130.115186737807,35.66878001318226
2023-06-14,25124.67578125,26041.80078125,24902.15234375,25920.2578125,14265717766,27351.3421484375,25130.08222064394,33.96912943500212
2023-06-15,25576.39453125,25735.30859375,24797.16796875,25121.673828125,15837384409,27294.416015625,25132.770849021083,40.55927984394563
2023-06-16,26327.462890625,26463.173828125,25245.357421875,25575.283203125,16324646965,27231.48953125,25139.924693581586,43.325366488527145
2023-06-17,26510.67578125,26769.39453125,26174.4921875,26328.6796875,11090276850,27174.8978125,25148.08392624628,45.91948767967668
2023-06-18,26336.212890625,26675.92578125,26325.890625,26510.45703125,9565695129,27116.6523046875,25155.114275147927,44.445463769774875
2023-06-19,26851.029296875,26984.611328125,26312.83203125,26335.44140625,12826986222,27068.2967578125,25165.090245863972,58.79383282244567
2023-06-20,28327.48828125,28388.96875,26668.791015625,26841.6640625,22211859147,27073.01515625,25183.58380162646,58.77903616241509
2023-06-21,30027.296875,30737.330078125,28283.41015625,28311.310546875,33346760979,27099.9503515625,25211.744924146074,76.26640199938626
2023-06-22,29912.28125,30495.998046875,29679.158203125,29995.935546875,20653160491,27118.0698046875,25238.915654353324,74.45302439885367
2023-06-23,30695.46875,31389.5390625,29845.21484375,29896.3828125,24115570085,27155.0249609375,25270.275154903018,77.31482583085051
2023-06-24,30548.6953125,30804.1484375,30290.146484375,30708.73828125,12147822496,27175.311171875,25300.43755580357,82.47058661520545
2023-06-25,30480.26171875,31041.271484375,30327.943359375,30545.150390625,12703464114,27206.8239453125,25329.86837491122,81.47201414131786
2023-06-26,30271.130859375,30636.029296875,29955.744140625,30480.5234375,16493186997,27243.1469921875,25357.785112111582,79.5802578133658
2023-06-27,30688.1640625,31006.787109375,30236.650390625,30274.3203125,16428827944,27303.0248046875,25387.731061271068,80.63152893031601
2023-06-28,30086.24609375,30703.279296875,29921.822265625,30696.560546875,14571500779,27351.57421875,25413.979748603353,82.67183450302446
2023-06-29,30445.3515625,30796.25,30057.203125,30086.1875,13180860821,27408.0461328125,25441.93181423611,82.45787088128851
2023-06-30,30477.251953125,31256.86328125,29600.275390625,30441.353515625,26387306197,27477.575390625,25469.751262517264,80.59748779091268
2023-07-01,30590.078125,30641.2890625,30328.865234375,30471.84765625,9086606733,27553.2771484375,25497.884926596842,80.39398527226405
2023-07-02,30620.76953125,30766.140625,30264.01953125,30587.26953125,10533418042,27630.0109765625,25525.8788315403,82.62137698131221
2023-07-03,31156.439453125,31375.61328125,30586.513671875,30624.515625,15271884873,27714.5269921875,25556.479704483696,82.67638729783766
2023-07-04,30777.58203125,31325.197265625,30659.35546875,31156.865234375,12810828427,27786.224765625,25584.701879222972,72.31272189138616
2023-07-05,30514.166015625,30877.330078125,30225.61328125,30778.724609375,12481622280,27855.775078125,25611.204374579975,56.00486021814132
2023-07-06,29909.337890625,31460.052734375,29892.2265625,30507.150390625,21129219509,27905.98578125,25634.18904578877,49.96761105410867
2023-07-07,30342.265625,30434.64453125,29777.28515625,29907.998046875,13384770155,27976.1869140625,25659.232006316488,45.78869514754471
2023-07-08,30292.541015625,30374.4375,30080.16015625,30346.921875,7509378699,28044.23515625,25683.746868799604,46.873469823671236
2023-07-09,30171.234375,30427.58984375,30085.591796875,30291.611328125,7903327692,28105.068125,25707.365224095396,46.27618312418214
2023-07-10,30414.470703125,31026.083984375,29985.39453125,30172.423828125,14828209155,28178.281015625,25732.009755399216,51.71318096550668
2023-07-11,30620.951171875,30788.314453125,30358.09765625,30417.6328125,12151839152,28253.6744921875,25757.47299194336,49.1541055365984
2023-07-12,30391.646484375,30959.96484375,30228.8359375,30622.24609375,14805659717,28316.992890625,25781.484253562176,54.24134763996461
2023-07-13,31476.048828125,31814.515625,30268.3515625,30387.48828125,23686079548,28419.8175,25810.83767920425,61.913998915425296
2023-07-14,30334.068359375,31582.25390625,29966.38671875,31474.720703125,20917902660,28496.9747265625,25834.03373397436,48.6829217111849
2023-07-15,30295.806640625,30407.78125,30263.462890625,30331.783203125,8011667756,28568.5050390625,25856.79788145727,47.255487222196116
2023-07-16,30249.1328125,30437.560546875,30089.669921875,30297.47265625,8516564470,28636.120625,25879.0939978585,46.54424531248865
2023-07-17,30145.888671875,30336.400390625,29685.783203125,30249.626953125,13240156074,28677.32546875,25900.643465909092,39.781360673519096
2023-07-18,29856.5625,30233.65625,29556.427734375,30147.0703125,13138897269,28719.5390234375,25920.52245603015,40.514953226664225
2023-07-19,29913.923828125,30184.181640625,29794.26953125,29862.046875,12128602812,28763.7705078125,25940.489462890626,43.544475990182825
2023-07-20,29792.015625,30195.53125,29638.095703125,29915.25,14655207121,28815.21765625,26006.324140625,48.59195438671995
2023-07-21,29908.744140625,30045.998046875,29733.8515625,29805.111328125,10972789818,28876.9930859375,26072.4255078125,44.36976230855903
2023-07-22,29771.802734375,29991.615234375,29664.12109375,29908.697265625,7873300598,28927.43734375,26137.885234375,43.386873060346545
2023-07-23,30084.5390625,30330.640625,29741.52734375,29790.111328125,9220145050,28987.625546875,26203.99173828125,48.950060458805694
2023-07-24,29176.916015625,30093.39453125,28934.294921875,30081.662109375,15395817395,29028.7825390625,26265.69263671875,37.089904572204915
2023-07-25,29227.390625,29353.16015625,29062.43359375,29178.970703125,10266772793,29098.1283984375,26327.06974609375,34.97336073428254
2023-07-26,29354.97265625,29675.552734375,29113.912109375,29225.759765625,13497554655,29140.4521875,26389.06921875,38.57091486168442
2023-07-27,29210.689453125,29560.966796875,29099.3515625,29353.798828125,10770779217,29197.746015625,26449.666943359374,18.494010987100594
2023-07-28,29319.24609375,29521.513671875,29125.845703125,29212.1640625,11218474952,29253.9666015625,26510.280400390624,30.192415166008303
2023-07-29,29356.91796875,29396.84375,29264.166015625,29319.4453125,6481775959,29311.4974609375,26569.833525390626,31.67028778553012
2023-07-30,29275.30859375,29443.169921875,29059.501953125,29357.09375,8678454527,29379.978828125,26626.5355859375,31.244094085358142
2023-07-31,29230.111328125,29489.873046875,29131.578125,29278.314453125,11656781982,29445.7776953125,26678.338203125,31.958681171197796
2023-08-01,29675.732421875,29675.732421875,28657.0234375,29230.873046875,18272392391,29521.24234375,26727.168994140626,46.64420407994613
2023-08-02,29151.958984375,29987.998046875,28946.509765625,29704.146484375,19212655598,29585.906953125,26768.047294921875,37.946291190286985
2023-08-03,29178.6796875,29375.70703125,28959.48828125,29161.8125,12780357746,29666.98703125,26809.53669921875,39.996215466128426
2023-08-04,29074.091796875,29302.078125,28885.3359375,29174.3828125,12036639988,29736.9409765625,26849.058994140625,36.33231627359546
2023-08-05,29042.126953125,29102.46484375,28957.796875,29075.388671875,6598366353,29791.2342578125,26888.46203125,37.62591233864739
2023-08-06,29041.85546875,29160.822265625,28963.833984375,29043.701171875,7269806994,29841.8578515625,26930.22740234375,30.22176941315945
2023-08-07,29180.578125,29244.28125,28724.140625,29038.513671875,13618163710,29898.74515625,26970.696328125,50.09807275272173
2023-08-08,29765.4921875,30176.796875,29113.814453125,29180.01953125,17570561357,29957.0344140625,27006.141025390625,61.20355640572695
2023-08-09,29561.494140625,30093.435546875,29376.80078125,29766.6953125,18379521213,29981.71453125,27040.06037109375,54.16728082157769
2023-08-10,29429.591796875,29688.564453125,29354.447265625,29563.97265625,11865344789,29969.7604296875,27073.60625,54.439288243598014
2023-08-11,29397.71484375,29517.7734375,29253.517578125,29424.90234375,10195168197,29959.4691015625,27105.922666015624,51.642408276795834
2023-08-12,29415.96484375,29465.11328125,29357.587890625,29399.787109375,6194358008,29933.8790234375,27139.820146484373,51.2460247721199
2023-08-13,29282.9140625,29441.43359375,29265.806640625,29416.59375,7329897180,29908.5633984375,27170.645419921875,50.15708250906028
2023-08-14,29408.443359375,29660.25390625,29124.10546875,29283.263671875,14013695304,29887.12703125,27202.52375,53.56495284263857
2023-08-15,29170.34765625,29439.12109375,29088.853515625,29408.048828125,12640195779,29865.1113671875,27232.981845703125,38.982997446253385
2023-08-16,28701.779296875,29221.9765625,28701.779296875,29169.07421875,14949271904,29825.383671875,27261.33529296875,39.944402175051124
2023-08-17,26664.55078125,28745.947265625,25409.111328125,28699.802734375,31120851211,29756.949765625,27275.78521484375,20.414779716364478
2023-08-18,26049.556640625,26808.1953125,25668.921875,26636.078125,24026236529,29669.0338671875,27291.8323046875,18.22544849876641
2023-08-19,26096.205078125,26249.44921875,25802.408203125,26047.83203125,10631443812,29581.4129296875,27306.6169140625,19.146517182325994
2023-08-20,26189.583984375,26260.681640625,26004.314453125,26096.861328125,9036580420,29493.403046875,27318.945986328126,20.698800353934715
2023-08-21,26124.140625,26220.201171875,25846.087890625,26188.69140625,13371557893,29403.47046875,27332.207333984374,18.121456968644083
2023-08-22,26031.65625,26135.5078125,25520.728515625,26130.748046875,14503820706,29300.9748046875,27345.11900390625,6.597930748267075
2023-08-23,26431.640625,26786.8984375,25804.998046875,26040.474609375,16985265785,29214.0559765625,27360.61796875,15.204020346664564
2023-08-24,26162.373046875,26554.91015625,25914.92578125,26431.51953125,12871532023,29127.0201171875,27376.65150390625,14.753406843100223
2023-08-25,26047.66796875,26248.103515625,25786.8125,26163.6796875,12406045118,29049.78671875,27393.089296875,14.494379045352659
2023-08-26,26008.462890625,26107.384765625,25983.87890625,26047.234375,6034817316,28963.1106640625,27406.81015625,14.045145508015779
2023-08-27,26089.693359375,26165.373046875,25965.09765625,26008.2421875,6913768611,28879.0537109375,27422.561630859374,15.933627907383794
2023-08-28,26106.150390625,26198.578125,25880.599609375,26089.615234375,11002805166,28797.75203125,27443.9971875,13.930585575937656
2023-08-29,27727.392578125,28089.337890625,25912.62890625,26102.486328125,29368391712,28744.01046875,27474.378232421874,37.89637375984985
2023-08-30,27297.265625,27760.16015625,27069.20703125,27726.083984375,16343655235,28677.5367578125,27501.510185546875,38.14235355923473
2023-08-31,25931.47265625,27456.078125,25752.9296875,27301.9296875,20181001451,28588.33328125,27522.226533203124,43.01958123736281
2023-09-01,25800.724609375,26125.869140625,25362.609375,25934.021484375,17202862221,28474.826796875,27542.1896484375,47.38990017856572
2023-09-02,25868.798828125,25970.28515625,25753.09375,25800.91015625,10100387473,28385.52140625,27560.429619140625,47.62531776100457
2023-09-03,25969.56640625,26087.1484375,25817.03125,25869.47265625,8962524523,28298.9966015625,27568.7382421875,47.70601361701227
2023-09-04,25812.416015625,26081.525390625,25657.025390625,25968.169921875,10680635106,28210.262265625,27579.68294921875,46.81082938857396
2023-09-05,25779.982421875,25858.375,25589.98828125,25814.95703125,11094740040,28122.944140625,27585.754853515624,47.3931618571413
2023-09-06,25753.236328125,25953.015625,25404.359375,25783.931640625,12752705327,28040.8776171875,27591.3146484375,42.38423519165978
2023-09-07,26240.1953125,26409.302734375,25608.201171875,25748.3125,11088307100,27967.403046875,27600.877412109374,50.83292256840751
2023-09-08,25905.654296875,26414.005859375,25677.48046875,26245.208984375,10817356400,27889.6758203125,27606.25994140625,48.54835521784355
2023-09-09,25895.677734375,25921.9765625,25810.494140625,25905.42578125,5481314132,27809.4144921875,27613.5565625,48.84019490092268
2023-09-10,25832.2265625,25978.130859375,25640.26171875,25895.2109375,7899553047,27730.62296875,27621.7734765625,47.34267146756911
2023-09-11,25162.654296875,25883.947265625,24930.296875,25831.71484375,14600006467,27632.1852734375,27627.849287109377,41.418990308949745
2023-09-12,25833.34375,26451.939453125,25133.078125,25160.658203125,18657279324,27565.313828125,27641.02537109375,29.17267841855883
2023-09-13,26228.32421875,26376.11328125,25781.123046875,25837.5546875,13072077070,27505.3325,27656.2901171875,38.15415370177015
2023-09-14,26539.673828125,26774.623046875,26171.451171875,26228.27734375,13811359124,27449.0265234375,27671.182421875,58.79554335109583
2023-09-15,26608.693359375,26840.498046875,26240.701171875,26533.818359375,11479735788,27396.9866015625,27686.611533203126,61.896901191990814
2023-09-16,26568.28125,26754.76953125,26473.890625,26606.19921875,7402031417,27341.9673046875,27703.716171875,60.38408968471522
2023-09-17,26534.1875,26617.998046875,26445.07421875,26567.927734375,6774210670,27285.5126953125,27718.15435546875,58.55130201431221
2023-09-18,26754.28125,27414.734375,26415.515625,26532.994140625,15615339655,27235.0921484375,27734.548427734375,63.997861286676404
2023-09-19,27211.1171875,27488.763671875,26681.60546875,26760.8515625,13807690550,27194.712265625,27758.790615234375,68.88678102406145
2023-09-20,27132.0078125,27379.505859375,26864.08203125,27210.228515625,13281116604,27143.8377734375,27782.68390625,67.94768729326998
2023-09-21,26567.6328125,27152.939453125,26389.30078125,27129.83984375,13371443708,27092.15125,27803.344501953125,54.17809748628302
2023-09-22,26579.568359375,26726.078125,26495.533203125,26564.056640625,10578746709,27040.1690234375,27824.0935546875,59.370603846183094
2023-09-23,26579.390625,26634.185546875,26520.51953125,26578.556640625,7404700301,26990.275,27845.89166015625,59.53283106791041
2023-09-24,26256.826171875,26716.05859375,26221.05078125,26579.373046875,8192867686,26934.568984375,27868.585390625,55.521151270325745
2023-09-25,26298.48046875,26421.5078125,26011.46875,26253.775390625,11997833257,26879.701484375,27898.262685546873,67.65190289530508
2023-09-26,26217.25,26389.884765625,26090.712890625,26294.7578125,9985498161,26820.434921875,27928.41271484375,57.30461927236241
2023-09-27,26352.716796875,26817.841796875,26111.46484375,26209.498046875,11718380997,26752.1794140625,27957.014248046875,52.6261794076922
2023-09-28,27021.546875,27259.5,26327.322265625,26355.8125,14079002707,26701.38046875,27981.302236328123,58.83911611346731
2023-09-29,26911.720703125,27225.9375,26721.763671875,27024.841796875,10396435377,26651.023046875,27994.873173828124,55.47651891772831
2023-09-30,26967.916015625,27091.794921875,26888.96875,26911.689453125,5331172801,26602.4270703125,28005.9823828125,57.181505043932155
2023-10-01,27983.75,28047.23828125,26965.09375,26967.396484375,9503917434,26573.7827734375,28024.021328125,69.25495295329992
2023-10-02,27530.78515625,28494.458984375,27347.787109375,27976.798828125,19793041322,26538.7401953125,28036.41130859375,59.713584016137105
2023-10-03,27429.978515625,27667.19140625,27216.001953125,27508.251953125,11407814187,26499.1708984375,28036.441552734374,53.005535418578816
2023-10-04,27799.39453125,27826.658203125,27248.10546875,27429.07421875,11143355314,26471.7518359375,28040.609130859375,58.48816631839803
2023-10-05,27415.912109375,28091.861328125,27375.6015625,27798.646484375,11877253670,26446.0344921875,28037.4953125,61.30923025085447
2023-10-06,27946.59765625,28252.537109375,27215.552734375,27412.123046875,13492391599,26471.6754296875,28038.392119140626,66.0106130624207
2023-10-07,27968.83984375,28028.091796875,27870.423828125,27946.78125,6553044316,26510.06109375,28037.357236328124,66.1895212494322
2023-10-08,27935.08984375,28102.169921875,27740.662109375,27971.677734375,7916875290,26546.8387890625,28040.495498046876,70.96579627087561
2023-10-09,27583.677734375,27989.470703125,27302.5625,27934.47265625,12007668568,26574.7206640625,28036.7440234375,64.90207295260431
2023-10-10,27391.01953125,27715.84765625,27301.654296875,27589.201171875,9973350678,26600.0582421875,28036.2326953125,63.26721910504277
2023-10-11,26873.3203125,27474.115234375,26561.099609375,27392.076171875,13648094333,26616.8915234375,28033.12576171875,55.41640537907664
2023-10-12,26756.798828125,26921.439453125,26558.3203125,26873.29296875,9392909295,26623.3946875,28026.93810546875,46.88787573084445
2023-10-13,26862.375,27092.697265625,26686.322265625,26752.87890625,15165312851,26637.3947265625,28025.550537109375,49.419359049610385
2023-10-14,26861.70703125,26969.0,26814.5859375,26866.203125,5388116782,26653.6755078125,28023.51841796875,48.733712962518794
2023-10-15,27159.65234375,27289.169921875,26817.89453125,26858.01171875,7098201980,26676.699296875,28017.57447265625,38.14530485091233
2023-10-16,28519.466796875,29448.138671875,27130.47265625,27162.62890625,27833876539,26725.294765625,28020.003994140625,61.279424367326804
2023-10-17,28415.748046875,28618.751953125,28110.185546875,28522.09765625,14872527508,26771.48671875,28019.6903125,61.23873374359029
2023-10-18,28328.341796875,28889.009765625,28174.251953125,28413.53125,12724128586,26783.505703125,28019.276845703123,56.44494874664034
2023-10-19,28719.806640625,28892.474609375,28177.98828125,28332.416015625,14448058195,26811.9565234375,28021.8793359375,65.85643573763016
2023-10-20,29682.94921875,30104.0859375,28601.669921875,28732.8125,21536125230,26886.9860546875,28031.342978515626,69.10589897951377
2023-10-21,29918.412109375,30287.482421875,29481.751953125,29683.380859375,11541146996,26969.3398046875,28040.09458984375,70.4905803530556
2023-10-22,29993.896484375,30199.43359375,29720.3125,29918.654296875,10446520040,27051.8417578125,28049.174150390623,71.45048482443556
2023-10-23,33086.234375,34370.4375,30097.828125,30140.685546875,38363572311,27194.1751171875,28074.384619140626,86.48958444773884
2023-10-24,33901.52734375,35150.43359375,32880.76171875,33077.3046875,44934999645,27355.95734375,28104.262958984375,89.88042739096166
2023-10-25,34502.8203125,35133.7578125,33709.109375,33916.04296875,25254318008,27530.4141015625,28137.0380859375,96.26110073429341
2023-10-26,34156.6484375,34832.91015625,33762.32421875,34504.2890625,19427195376,27698.48234375,28166.15607421875,93.65291585697204
2023-10-27,33909.80078125,34238.2109375,33416.88671875,34156.5,16418032871,27851.874453125,28187.44017578125,90.89233056734807
2023-10-28,34089.57421875,34399.390625,33874.8046875,33907.72265625,10160330825,28015.5528515625,28206.71275390625,91.08537287238389
2023-10-29,34538.48046875,34743.26171875,33947.56640625,34089.37109375,11160323986,28188.40890625,28228.709892578125,91.23578561879656
2023-10-30,34502.36328125,34843.93359375,34110.97265625,34531.7421875,17184860315,28361.811640625,28249.226376953124,89.24023958858278
2023-10-31,34667.78125,34719.25390625,34083.30859375,34500.078125,15758270810,28551.9141796875,28270.136787109375,90.6762282322701
2023-11-01,35437.25390625,35527.9296875,34170.69140625,34657.2734375,22446272005,28743.9923828125,28295.730576171874,92.48090394045377
2023-11-02,34938.2421875,35919.84375,34401.57421875,35441.578125,20998158544,28918.1907421875,28318.845009765624,86.68809371977314
2023-11-03,34732.32421875,34942.47265625,34133.44140625,34942.47265625,17158456701,29082.04375,28345.28140625,82.71376668917367
2023-11-04,35082.1953125,35256.03125,34616.69140625,34736.32421875,9561294264,29251.5137890625,28368.704619140626,82.96628304506226
2023-11-05,35049.35546875,35340.33984375,34594.2421875,35090.01171875,12412743996,29421.1352734375,28399.837998046874,82.45142369550265
2023-11-06,35037.37109375,35286.02734375,34765.36328125,35044.7890625,12693436420,29591.1989453125,28433.794912109373,70.71746345655642
2023-11-07,35443.5625,35892.41796875,34545.81640625,35047.79296875,18834737789,29764.9845703125,28474.628173828125,67.93140695505713
2023-11-08,35655.27734375,35994.41796875,35147.80078125,35419.4765625,17295394918,29933.8677734375,28513.817060546877,64.73640413138186
2023-11-09,36693.125,37926.2578125,35592.1015625,35633.6328125,37762672382,30125.0901171875,28559.32576171875,77.55893013267237
2023-11-10,37313.96875,37493.80078125,36362.75390625,36702.25,22711265155,30340.0168359375,28608.26890625,84.2064854655202
2023-11-11,37138.05078125,37407.09375,36773.66796875,37310.0703125,13924272142,30551.186484375,28652.421171875,80.65610450910793
2023-11-12,37054.51953125,37227.69140625,36779.1171875,37133.9921875,11545715999,30760.6890625,28695.580263671876,77.30859570426776
2023-11-13,36502.35546875,37405.1171875,36399.60546875,37070.3046875,19057712790,30965.5996484375,28730.72310546875,69.52077827206887
2023-11-14,35537.640625,36753.3515625,34948.5,36491.7890625,23857403554,31150.3828515625,28761.71,57.34427501157623
2023-11-15,37880.58203125,37964.89453125,35383.78125,35548.11328125,27365821679,31383.6494921875,28804.87046875,66.2986503346282
2023-11-16,36154.76953125,37934.625,35545.47265625,37879.98046875,26007385366,31579.690546875,28839.300283203123,56.97366706271242
2023-11-17,36596.68359375,36704.484375,35901.234375,36164.82421875,22445028430,31771.19328125,28881.825859375,60.40577816808978
2023-11-18,36585.703125,36839.28125,36233.3125,36625.37109375,11886022717,31964.6729296875,28921.351689453124,58.72165165238656
2023-11-19,37386.546875,37509.35546875,36414.59765625,36585.765625,12915986553,32173.045546875,28963.252880859374,62.448552435840085
2023-11-20,37476.95703125,37756.8203125,36882.53125,37374.07421875,20888209068,32362.9096875,29006.399111328126,62.886278439056284
2023-11-21,35813.8125,37631.140625,35813.8125,37469.16015625,25172163756,32528.570234375,29037.79625,51.72646439094335
2023-11-22,37432.33984375,37856.98046875,35670.97265625,35756.5546875,24397247860,32728.6174609375,29080.434833984375,57.325317469927626
2023-11-23,37289.62109375,37643.91796875,36923.86328125,37420.43359375,14214948217,32918.4219921875,29124.608046875,52.65475971506486
2023-11-24,37720.28125,38415.33984375,37261.60546875,37296.31640625,22922957823,33124.509375,29174.7380859375,51.83947008774337
2023-11-25,37796.79296875,37892.4296875,37617.41796875,37721.4140625,9099571165,33321.51328125,29225.428173828124,53.00936368620016
2023-11-26,37479.12109375,37820.30078125,37162.75,37796.828125,13744796068,33511.71890625,29274.715,51.89910085441892
2023-11-27,37254.16796875,37559.35546875,36750.12890625,37454.19140625,19002925720,33698.10046875,29325.98189453125,53.463997563769276
2023-11-28,37831.0859375,38368.48046875,36891.08984375,37247.9921875,21696137014,33903.0486328125,29381.112373046875,60.958732799111246
2023-11-29,37858.4921875,38366.11328125,37612.6328125,37826.10546875,20728546658,34112.3980859375,29436.484443359375,49.86445408433041
2023-11-30,37712.74609375,38141.75390625,37531.140625,37861.1171875,18115982627,34329.1866015625,29490.39498046875,61.85962395748589
2023-12-01,38688.75,38954.109375,37629.359375,37718.0078125,23512784002,34567.825625,29547.875263671875,64.72768431432831
2023-12-02,39476.33203125,39678.9375,38652.59375,38689.27734375,15534035612,34820.104765625,29610.073671875,68.34365451706924
2023-12-03,39978.390625,40135.60546875,39298.1640625,39472.20703125,15769696322,35082.4384375,29672.971611328125,67.09588984622995
2023-12-04,41980.09765625,42371.75,39978.62890625,39978.62890625,39856129827,35378.84734375,29748.7110546875,73.72169169151043
2023-12-05,44080.6484375,44408.6640625,41421.1484375,41986.265625,36312154535,35690.0709765625,29834.66365234375,91.62968540750987
2023-12-06,43746.4453125,44265.76953125,43478.08203125,44080.0234375,29909761586,35996.684921875,29917.74794921875,86.52013225240744
2023-12-07,43292.6640625,44042.58984375,42880.6484375,43769.1328125,27635760671,36295.9713671875,30000.442138671875,83.51500628305912
2023-12-08,44166.6015625,44705.515625,43125.296875,43293.13671875,24421116687,36604.907265625,30087.018759765626,84.29247196353347
2023-12-09,43725.984375,44361.2578125,43627.59765625,44180.01953125,17368210171,36885.76796875,30169.520048828126,80.36519705220891
2023-12-10,43779.69921875,44034.625,43593.28515625,43728.3828125,13000481418,37162.9937109375,30256.744453125,83.16380115059278
2023-12-11,41243.83203125,43808.375,40234.578125,43792.01953125,40632672038,37387.992421875,30330.582578125,66.89090767166857
2023-12-12,41450.22265625,42048.3046875,40667.5625,41238.734375,24779520132,37555.2721875,30404.237236328125,65.81850478516688
2023-12-13,42890.7421875,43429.78125,40676.8671875,41468.46484375,26797884674,37735.056484375,30484.3491796875,69.57665686204786
2023-12-14,43023.97265625,43390.859375,41767.08984375,42884.26171875,25578530178,37905.47953125,30559.040810546874,70.6820821628423
2023-12-15,41929.7578125,43087.82421875,41692.96875,43028.25,19639442462,38060.94171875,30629.96017578125,62.50545617216665
2023-12-16,42240.1171875,42664.9453125,41723.11328125,41937.7421875,14386729590,38227.548046875,30702.649013671875,61.071834876024006
2023-12-17,41364.6640625,42359.49609375,41274.54296875,42236.109375,16678702876,38373.04984375,30773.37404296875,55.392152095987434
2023-12-18,42623.5390625,42720.296875,40530.2578125,41348.203125,25224642008,38534.751015625,30852.391875,52.65627706130332
2023-12-19,42270.52734375,43354.296875,41826.3359375,42641.51171875,23171001281,38690.114296875,30927.4965625,41.2674141583708
2023-12-20,43652.25,44275.5859375,42223.81640625,42261.30078125,27868908174,38869.803671875,31010.38216796875,49.587286069595535
2023-12-21,43869.15234375,44240.66796875,43330.05078125,43648.125,22452766169,39038.441640625,31094.13259765625,52.57940828865687
2023-12-22,43997.90234375,44367.95703125,43441.96875,43868.98828125,21028503216,39219.63484375,31185.32162109375,49.19125013810939
2023-12-23,43739.54296875,44015.69921875,43351.35546875,44012.19921875,13507796558,39399.77921875,31267.825419921875,50.06615644942473
2023-12-24,43016.1171875,43945.5234375,42786.91796875,43728.3671875,18830554085,39558.45765625,31351.176015625,46.50281078284354
2023-12-25,43613.140625,43765.09375,42765.76953125,43010.57421875,21115795370,39729.733359375,31436.700634765624,63.19472996555473
2023-12-26,42520.40234375,43603.17578125,41676.48828125,43599.84765625,30026850982,39879.393984375,31516.900771484376,55.42435178871389
2023-12-27,43442.85546875,43683.16015625,42167.58203125,42518.46875,25260941032,40039.37984375,31604.85884765625,52.95357688711833
2023-12-28,42627.85546875,43804.78125,42318.55078125,43468.19921875,22992093014,40178.83140625,31688.29728515625,48.02500114909307
2023-12-29,42099.40234375,43124.32421875,41424.0625,42614.64453125,26000021055,40286.956953125,31769.281796875,50.896401802009336
2023-12-30,42156.90234375,42584.125,41556.2265625,42091.75390625,16013925945,40383.815625,31850.472666015627,49.548220174536354
2023-12-31,42265.1875,42860.9375,41998.25390625,42152.09765625,16397498810,40486.358359375,31936.175224609375,55.33327472608824
