timestamp,open,high,low,close,volume,SMA_50,SMA_200,RSI
2023-10-28,33892.01,34493.33,33860.0,34081.0,16880.13144,34081.0,34081.0,
2023-10-29,34081.01,34750.11,33930.0,34525.89,20685.52176,34303.445,34303.445,
2023-10-30,34525.88,34856.0,34062.84,34474.73,33657.95976,34360.54,34360.54,
2023-10-31,34474.74,34720.49,34025.0,34639.77,32737.89822,34430.3475,34430.3475,
2023-11-01,34639.78,35582.0,34097.39,35421.43,53473.28165,34628.564,34628.564,
2023-11-02,35421.43,35984.99,34300.0,34941.59,48015.57732,34680.735,34680.735,
2023-11-03,34941.58,34946.5,34120.0,34716.78,39071.20644,34685.88428571429,34685.88428571429,
2023-11-04,34716.78,35255.0,34585.18,35062.07,18377.55545,34732.9075,34732.9075,
2023-11-05,35062.06,35380.0,34448.0,35011.88,24528.73376,34763.904444444444,34763.904444444444,
2023-11-06,35011.89,35276.33,34725.9,35046.09,22346.47086,34792.123,34792.123,
2023-11-07,35046.09,35888.0,34523.06,35399.12,38688.73692,34847.30454545454,34847.30454545454,
2023-11-08,35399.13,36106.0,35100.0,35624.72,33401.34137,34912.089166666665,34912.089166666665,
2023-11-09,35624.72,37972.24,35534.05,36701.09,82537.88885,35049.70461538462,35049.70461538462,
2023-11-10,36701.1,37526.0,36324.71,37301.63,43414.04898,35210.55642857143,35210.55642857143,
2023-11-11,37301.63,37408.26,36666.93,37130.0,22984.97235,35338.51933333334,35338.51933333334,80.4640446339719
2023-11-12,37129.99,37222.22,36731.1,37064.13,17687.18874,35446.369999999995,35446.369999999995,77.43900857036607
2023-11-13,37064.13,37417.99,36333.0,36462.93,32798.18252,35506.16764705882,35506.16764705882,69.20862252863611
2023-11-14,36462.93,36744.0,34800.0,35551.19,45503.68416,35508.66888888889,35508.66888888889,57.695230311483705
2023-11-15,35551.2,37980.0,35360.0,37858.2,53569.13385,35632.32842105263,35632.32842105263,66.36002433086756
2023-11-16,37858.2,37929.54,35500.0,36163.51,47490.39566,35658.8875,35658.8875,57.053189843665265
2023-11-17,36163.51,36800.0,35861.1,36613.92,38283.61112,35704.36523809523,35704.36523809523,60.672743924804635
2023-11-18,36613.91,36845.49,36178.58,36568.1,17102.24186,35743.62590909091,35743.62590909091,58.767906607935686
2023-11-19,36568.11,37500.0,36384.02,37359.86,21246.34648,35813.89695652174,35813.89695652174,62.583120040129174
2023-11-20,37359.85,37750.0,36677.0,37448.78,36022.70291,35882.01708333333,35882.01708333333,62.80125183945173
2023-11-21,37448.79,37649.44,35735.0,35741.65,47646.54804,35876.4024,35876.4024,51.59484071148343
2023-11-22,35741.65,37861.1,35632.01,37408.34,45051.30697,35935.32307692308,35935.32307692308,57.32205343610476
2023-11-23,37408.35,37653.44,36870.0,37294.28,23827.92882,35985.654814814814,35985.654814814814,52.644045404177604
2023-11-24,37294.27,38414.0,37251.51,37713.57,44680.80646,36047.36607142857,36047.36607142857,51.866309297929924
2023-11-25,37713.57,37888.0,37591.1,37780.67,11396.14464,36107.13517241379,36107.13517241379,52.976072318186844
2023-11-26,37780.67,37814.63,37150.0,37447.43,21264.53723,36151.81166666667,36151.81166666667,51.71130434161441
2023-11-27,37447.42,37569.23,36707.0,37242.7,30001.07376,36187.00161290323,36187.00161290323,53.60918076128039
2023-11-28,37242.7,38377.0,36868.41,37818.87,37544.46667,36237.9975,36237.9975,60.832500558898346
2023-11-29,37818.88,38450.0,37570.0,37854.64,32994.19107,36286.98666666667,36286.98666666667,49.978281505848145
2023-11-30,37854.65,38145.85,37500.0,37723.96,24740.29147,36329.25058823529,36329.25058823529,61.76495867619051
2023-12-01,37723.97,38999.0,37615.86,38682.52,43415.66324,36396.48685714286,36396.48685714286,64.48615670763819
2023-12-02,38682.51,39717.14,38641.61,39450.35,26696.92161,36481.31638888889,36481.31638888889,68.33042268247112
2023-12-03,39450.35,40250.0,39274.86,39972.26,26710.65335,36575.66621621621,36575.66621621621,67.20477128797381
2023-12-04,39972.26,42420.0,39972.26,41991.1,79272.33059,36718.17763157895,36718.17763157895,73.85171182524681
2023-12-05,41991.1,44488.0,41414.0,44073.32,67490.74644,36906.77102564103,36906.77102564103,92.09151376818843
2023-12-06,44073.82,44297.21,43335.28,43762.69,51431.10492,37078.169,37078.169,87.19896780599065
2023-12-07,43762.69,44047.33,42821.1,43273.14,47103.26845,37229.26585365854,37229.26585365854,83.52686922700784
2023-12-08,43273.15,44700.0,43081.1,44170.99,42900.37556,37394.545,37394.545,84.3659660162553
2023-12-09,44171.0,44358.02,43584.51,43713.6,24925.97008,37541.49976744186,37541.49976744186,80.31530744366334
2023-12-10,43713.59,44049.0,43563.0,43789.51,18956.61758,37683.5,37683.5,83.28113651915817
2023-12-11,43789.5,43804.5,40222.0,41253.4,76663.89804,37762.83111111111,37762.83111111111,66.90934295269078
2023-12-12,41253.41,42104.12,40680.0,41492.39,42722.69773,37843.90847826087,37843.90847826087,65.94099758380312
2023-12-13,41492.38,43475.2,40555.0,42869.03,45865.99773,37950.82595744681,37950.82595744681,69.49135939908777
2023-12-14,42869.03,43420.0,41400.0,43022.26,42047.05709,38056.480833333335,38056.480833333335,70.55890035900373
2023-12-15,43022.26,43080.81,41666.0,41940.3,33421.7932,38135.74244897959,38135.74244897959,62.521196765946215
2023-12-16,41940.29,42724.43,41605.0,42278.03,24118.85747,38218.5882,38218.5882,61.23972093082418
2023-12-17,42278.02,42424.07,41252.0,41374.65,27722.11452,38364.4612,38280.471764705886,55.410275739308034
2023-12-18,41374.64,42757.81,40542.93,42657.8,46734.0925,38527.0994,38364.65115384615,52.726847360352885
2023-12-19,42657.8,43497.0,41811.1,42275.99,40927.86444,38683.1246,38438.450000000004,41.461071631163215
2023-12-20,42275.99,44283.0,42206.0,43668.93,48710.2947,38863.707800000004,38535.310740740744,49.596093270748455
2023-12-21,43668.92,44242.35,43286.72,43861.8,34624.29384,39032.5152,38632.156,52.602396471782406
2023-12-22,43861.79,44398.26,43412.54,43969.04,32783.19638,39213.0642,38727.457500000004,49.04010228768889
2023-12-23,43969.04,43988.68,43291.1,43702.16,16557.1293,39392.7718,38814.73298245614,49.9446210803924
2023-12-24,43702.15,43946.0,42500.0,42991.5,25144.33496,39551.3604,38886.74620689655,46.36063552175883
2023-12-25,42991.5,43802.32,42720.43,43576.13,27021.23992,39722.6454,38966.2272881356,62.886715763567
2023-12-26,43576.12,43592.68,41637.6,42508.93,41010.04282,39871.902200000004,39025.272333333334,55.16517755520146
2023-12-27,42508.93,43677.0,42098.69,43428.85,36191.21136,40032.49679999999,39097.46213114754,52.98297028858861
2023-12-28,43428.86,43787.57,42241.79,42563.76,35150.52485,40171.2776,39153.370161290324,47.729177273744824
2023-12-29,42563.76,43111.0,41300.0,42066.95,42597.18912,40278.5948,39199.61746031746,50.66585631803798
2023-12-30,42066.94,42612.32,41520.3,42140.28,22906.57818,40375.3678,39245.5653125,49.25507602821139
2023-12-31,42140.29,42899.0,41965.84,42283.58,23585.91603,40478.4394,39292.304,55.35557511757836
2024-01-01,42283.58,44184.1,42180.77,44179.55,27174.29903,40620.747800000005,39366.35318181818,58.36250432756507
2024-01-02,44179.55,45879.63,44148.34,44946.91,65146.40661,40790.4274,39449.64507462687,64.08089243162314
2024-01-03,44946.91,45500.0,40750.0,42845.23,81194.55173,40936.3082,39499.58014705883,45.95945821323388
2024-01-04,42845.23,44729.58,42613.77,44151.1,48038.06334,41062.1662,39566.99347826087,51.27941595302999
2024-01-05,44151.1,44357.46,42450.0,44145.11,48075.25327,41221.7982,39632.395142857145,50.7856977747711
2024-01-06,44145.12,44214.42,43397.05,43968.32,17835.06144,41368.8862,39693.464507042256,51.19734403397331
2024-01-07,43968.32,44480.59,43572.09,43929.02,23023.8508,41516.1046,39752.291666666664,54.48864528632875
2024-01-08,43929.01,47248.99,43175.0,46951.04,72814.57589,41707.9282,39850.90465753424,63.100717899667956
2024-01-09,46951.04,47972.0,44748.67,46110.0,69927.66617,41881.1526,39935.487027027026,64.22845050009995
2024-01-10,46110.0,47695.93,44300.36,46653.99,89911.41203,42099.399399999995,40025.06706666666,63.13323896815093
2024-01-11,46654.0,48969.48,45606.06,46339.16,87470.3296,42278.0158,40108.1472368421,66.09528421899887
2024-01-12,46339.16,46515.53,41500.0,42782.73,86327.93707,42387.7848,40142.88207792208,52.42015431535244
2024-01-13,42782.74,43257.0,42436.12,42847.99,36118.47464,42490.4732,40177.562948717954,52.39417503448958
2024-01-14,42847.99,43079.0,41720.0,41732.35,28228.40894,42569.506799999996,40197.24379746835,48.25030456121283
2024-01-15,41732.35,43400.43,41718.05,42511.1,40269.89303,42670.780199999994,40226.167,44.299775537326724
2024-01-16,42511.1,43578.01,42050.0,43137.95,45045.74589,42788.68519999999,40262.1149382716,43.75981410803036
2024-01-17,43137.94,43198.0,42200.69,42776.1,33266.21388,42887.82979999999,40292.77329268293,49.72899994590189
2024-01-18,42776.09,42930.0,40683.28,41327.5,43907.51641,42957.287000000004,40305.23987951807,39.05355677992516
2024-01-19,41327.51,42196.86,40280.0,41659.03,48342.74559,43035.98840000001,40321.35642857143,40.59932480669868
2024-01-20,41659.03,41872.56,41456.3,41696.04,15923.99493,43096.25880000001,40337.52917647059,41.31597251415948
2024-01-21,41696.05,41881.39,41500.98,41580.33,11730.16301,43138.8584,40351.98034883721,41.076073501217
2024-01-22,41580.32,41689.65,39431.58,39568.02,55426.19911,43130.77359999999,40342.96931034483,19.616701509489815
2024-01-23,39568.02,40176.74,38555.0,39897.6,57956.63351,43088.903600000005,40337.908295454545,23.310626773233963
2024-01-24,39897.59,40555.0,39484.19,40084.88,39293.82861,43009.13479999999,40335.065280898874,20.885811713378274
2024-01-25,40084.89,40300.24,39550.0,39961.09,31022.11853,42933.1028,40330.909999999996,21.24557845885562
2024-01-26,39961.09,42246.82,39822.52,41823.51,47384.96726,42904.110199999996,40347.3121978022,44.89590893708136
2024-01-27,41823.51,42200.0,41394.34,42120.63,16224.41667,42863.102999999996,40366.58739130435,46.222856454420445
2024-01-28,42120.63,42842.68,41620.81,42031.06,27294.99838,42829.4522,40384.48494623656,51.73620758000411
2024-01-29,42031.05,43333.0,41804.88,43302.7,31542.74207,42819.71600000001,40415.52978723404,54.35171726811547
2024-01-30,43302.71,43882.36,42683.99,42941.1,37619.24546,42853.47,40442.1147368421,48.885335350696096
2024-01-31,42941.1,43745.11,42276.84,42580.0,39871.13688,42875.222200000004,40464.384375,48.889487907253844
2024-02-01,42580.0,43285.13,41884.28,43082.94,35231.04664,42879.5004,40491.379793814434,61.13349231315643
2024-02-02,43082.95,43488.0,42546.79,43200.0,29672.14418,42883.0552,40519.0187755102,60.046576339167544
2024-02-03,43199.99,43380.01,42880.0,43011.09,12033.40998,42904.471,40544.191212121215,58.40714074744627
2024-02-04,43011.1,43119.04,42222.0,42582.88,17066.89404,42910.568,40564.5781,56.16306818810526
2024-02-05,42582.88,43569.76,42258.1,42708.7,29467.75905,42937.249,40585.80702970297,75.13734504661407
2024-02-06,42708.7,43399.98,42574.0,43098.95,24675.85433,42946.07199999999,40610.44568627451,75.37648370010669
2024-02-07,43098.96,44396.5,42788.0,44349.6,34392.59915,42987.5442,40646.7481553398,78.92873228889118
2024-02-08,44349.6,45614.3,44331.1,45288.65,45439.62231,43019.938599999994,40691.381826923076,82.53932770933044
2024-02-09,45288.66,48200.0,45242.12,47132.77,73503.481,43085.358,40752.72838095238,82.50020812826577
2024-02-10,47132.78,48170.0,46800.0,47751.09,24802.35936,43160.999,40818.75066037736,83.16233255273735
2024-02-11,47751.08,48592.66,47557.16,48299.99,29958.80837,43252.955599999994,40888.66878504673,85.02755188817879
2024-02-12,48300.0,50334.82,47710.01,49917.27,59009.96705,43391.471,40972.26694444445,85.5843584339067
2024-02-13,49917.28,50368.61,48300.95,49699.59,55551.56706,43513.940200000005,41052.334128440365,86.93046887038551
2024-02-14,49699.6,52043.71,49225.01,51795.17,57046.37401,43699.665,41149.99627272727,92.33056830782826
2024-02-15,51795.17,52816.62,51314.0,51880.0,53816.03055,43868.687999999995,41246.66297297297,92.02419874152784
2024-02-16,51880.01,52572.08,51566.0,52124.11,37772.25318,44059.895,41343.78303571429,92.11985225194948
2024-02-17,52124.1,52162.82,50625.0,51642.64,25674.00622,44251.4088,41434.923362831854,89.64420320274988
2024-02-18,51642.64,52377.0,51163.28,52137.67,21992.10363,44451.3566,41528.80710526316,93.6168697600403
2024-02-19,52137.68,52488.77,51677.0,51774.73,29534.99432,44641.1796,41617.90208695652,90.50875720830979
2024-02-20,51774.74,52985.0,50760.37,52258.82,49614.47318,44802.765,41709.63413793103,90.58768793119495
2024-02-21,52258.82,52366.8,50625.0,51849.39,43079.40049,44940.8146,41796.29871794872,85.90880058374984
2024-02-22,51849.38,52065.78,50940.78,51288.42,35309.44574,45109.6784,41876.740423728814,79.80585707543655
2024-02-23,51288.42,51548.54,50521.0,50744.15,30545.79544,45241.539399999994,41951.25647058823,70.6013759426805
2024-02-24,50744.15,51698.0,50585.0,51568.22,16560.4211,45390.0016,42031.397833333336,71.2756600692258
2024-02-25,51568.21,51958.55,51279.8,51728.85,18721.63159,45545.212199999994,42111.542066115704,69.97616045898693
2024-02-26,51728.85,54910.0,50901.44,54476.47,51256.72199,45756.1612,42212.893934426225,73.47025344084874
2024-02-27,54476.48,57588.15,54450.13,57037.34,67194.98562,45957.887200000005,42333.41788617887,80.43216978228938
2024-02-28,57037.35,64000.0,56691.85,62432.1,118763.46984,46284.3292,42495.50403225807,84.63649512962806
2024-02-29,62432.11,63676.35,60364.7,61130.98,78425.07603,46573.86899999999,42644.58783999999,77.91252146773537
2024-03-01,61130.99,63114.23,60777.0,62387.9,47737.93473,46894.8438,42801.280793650796,79.18471081124582
2024-03-02,62387.9,62433.19,61561.12,61987.28,25534.73659,47278.934799999995,42952.35165354331,79.55047436660664
2024-03-03,61987.28,63231.88,61320.0,63113.97,28994.90903,47684.254400000005,43109.864296875,80.26275158533227
2024-03-04,63113.97,68499.0,62300.0,68245.71,84835.16005,48214.5216,43304.71581395349,85.95687178546792
2024-03-05,68245.71,69000.0,59005.0,63724.01,132696.7813,48638.7798,43461.787307692306,71.27800660767198
2024-03-06,63724.01,67641.1,62779.14,66074.04,78738.85491,49097.5016,43634.39992366412,74.62545023701605
2024-03-07,66074.04,67980.0,65551.0,66823.17,53059.8869,49578.443,43810.07242424242,76.71939998974895
2024-03-08,66823.18,69990.0,66082.66,68124.19,74261.932842,50114.3768,43992.88533834586,79.13482183208993
2024-03-09,68124.2,68541.1,67861.1,68313.27,19872.89743,50647.461599999995,44174.38074626865,78.6809573741784
2024-03-10,68313.28,69887.61,68094.75,68955.88,38404.66835,51192.65840000001,44357.94740740741,79.02723301378214
2024-03-11,68955.88,72800.0,67024.96,72078.1,75292.825726,51802.6138,44561.77205882353,79.28869018796605
2024-03-12,72078.1,73000.0,68620.82,71452.01,68783.546691,52440.293600000005,44758.05116788321,75.63635277140384
2024-03-13,71452.0,73650.25,71333.31,73072.41,52659.711647,53103.789800000006,44963.22768115942,71.85822804780895
2024-03-14,73072.4,73777.0,68555.0,71388.94,71757.628746,53729.87100000001,45153.340719424465,70.74685741930574
2024-03-15,71388.94,72419.71,65600.0,69499.85,103334.03546,54320.64619999999,45327.24435714286,64.02536257749796
2024-03-16,69499.84,70043.0,64780.0,65300.63,55926.95336,54790.1886,45468.89957446809,55.68279073245543
2024-03-17,65300.64,68904.4,64533.0,68393.48,49742.21589,55315.6456,45630.34028169014,58.48287120424566
2024-03-18,68393.47,68956.0,66565.2,67609.99,55691.08088,55827.2242,45784.04412587413,48.81264381555748
2024-03-19,67610.0,68124.11,61555.0,61937.4,101005.32487,56199.91819999999,45896.22020833333,46.80063134618781
2024-03-20,61937.41,68100.0,60775.0,67840.51,90420.58592,56697.9064,46047.56013793103,52.80620390495504
2024-03-21,67840.51,68240.47,64529.01,65501.27,53357.48002,57156.3318,46180.804726027396,48.001027084049106
2024-03-22,65501.28,66649.62,62260.0,63796.64,51482.37821,57570.6058,46300.64034013605,43.53481181627036
2024-03-23,63796.64,65999.0,63000.0,63990.01,26410.11409,57986.405999999995,46420.16310810811,43.54204869806091
2024-03-24,63990.02,67628.69,63772.29,67209.99,31395.78015,58470.384000000005,46559.692147651,47.578499157414406
2024-03-25,67210.0,71150.0,66385.06,69880.01,53431.14486,59016.3266,46715.16093333333,46.912582467051784
2024-03-26,69880.0,71561.1,69280.0,69988.0,38934.38417,59561.912599999996,46869.28569536423,47.91329396555534
2024-03-27,69987.99,71769.54,68359.18,69469.99,49119.35685,60089.33340000001,47017.97453947368,44.698746742655196
2024-03-28,69469.99,71552.06,68903.62,70780.6,35439.03239,60617.9534,47173.28581699346,49.09484528719625
2024-03-29,70780.6,70916.16,69009.0,69850.54,25445.08353,61109.1912,47320.540714285715,50.53712386855389
2024-03-30,69850.53,70321.1,69540.0,69582.18,13644.61142,61558.1794,47464.164193548386,57.455429017796355
2024-03-31,69582.17,71366.0,69562.99,71280.01,19396.34433,62028.75779999999,47616.82987179487,55.28295208257608
2024-04-01,71280.0,71288.23,68062.86,69649.8,41445.32039,62455.754,47757.1672611465,53.621048916761715
2024-04-02,69649.81,69674.23,64550.0,65463.99,71799.82793,62766.6884,47869.23575949367,56.60924247064101
2024-04-03,65463.99,66903.63,64493.07,65963.28,39887.21778,63091.962199999994,47983.034779874215,45.58826363393233
2024-04-04,65963.27,69309.91,65064.52,68487.79,41510.48453,63425.8146,48111.1895,56.958120618731556
2024-04-05,68487.8,68756.67,65952.56,67820.62,37915.23073,63744.62699999999,48233.60832298137,59.8514827730397
2024-04-06,67820.63,69692.0,67447.83,68896.0,20134.28919,64080.06479999999,48361.15395061728,61.51358140700663
2024-04-07,68896.0,70326.29,68824.0,69360.39,21534.74433,64434.419799999996,48489.9836196319,55.796338904690316
2024-04-08,69360.38,72797.99,69043.24,71620.0,45723.87624,64824.066399999996,48631.020304878046,54.79620689522103
2024-04-09,71620.0,71758.19,68210.0,69146.0,39293.90242,65171.491799999996,48755.35351515152,47.94686626442802
2024-04-10,69146.0,71172.08,67518.0,70631.08,42006.02377,65538.937,48887.135,52.70369140534949
2024-04-11,70631.08,71305.89,69567.21,70006.23,31917.25595,65902.0738,49013.59664670659,48.137329186421
2024-04-12,70006.22,71227.46,65086.86,67116.52,56072.86229,66218.6358,49121.35214285714,43.990160993924285
2024-04-13,67116.52,67929.0,60660.57,63924.51,71395.22019,66482.243,49208.944792899405,38.97993170976848
2024-04-14,63924.52,65840.0,62134.0,65661.84,61599.17818,66764.1154,49305.72652941176,39.073683309768626
2024-04-15,65661.85,66867.07,62274.4,63419.99,52389.53069,66997.93819999999,49388.26608187135,38.16569969442638
2024-04-16,63419.99,64365.0,61600.0,63793.39,53435.29331,67184.2766,49472.01680232558,46.28897069473064
2024-04-17,63793.4,64499.0,59678.16,61277.37,50610.54509,67269.0772,49540.25583815029,40.4467874208318
2024-04-18,61277.38,64117.09,60803.35,63470.08,43601.60918,67289.8368,49620.31229885057,39.6300495463453
2024-04-19,63470.09,65450.0,59600.01,63818.01,69774.30271,67343.57740000001,49701.441999999995,41.61731437233475
2024-04-20,63818.01,65419.0,63090.07,64940.59,23137.42975,67394.63119999999,49788.02806818182,41.732510585678874
2024-04-21,64940.58,65695.56,64237.5,64941.15,19316.42152,67453.7086,49873.63892655367,40.58038234025248
2024-04-22,64941.15,67232.35,64500.0,66819.32,31397.99371,67527.8156,49968.839382022474,39.59820074362331
2024-04-23,66819.32,67183.01,65765.81,66414.0,22599.90004,67491.1814,50060.7117877095,43.4975665856798
2024-04-24,66414.0,67070.43,63606.06,64289.59,33595.69637,67502.493,50139.76111111111,35.352395383161976
2024-04-25,64289.58,65297.94,62794.0,64498.34,31341.46338,67470.979,50219.09027624309,37.02850817799654
2024-04-26,64498.33,64820.01,63297.48,63770.01,27085.19346,67409.9158,50293.54587912088,41.225431149534565
2024-04-27,63770.0,63923.41,62391.24,63461.98,20933.06052,67316.6716,50365.504535519125,48.57114966028005
2024-04-28,63461.98,64370.0,62781.0,63118.62,16949.20005,67212.7786,50434.81494565217,41.40305663688816
2024-04-29,63118.62,64228.35,61765.53,63866.0,28150.22947,67110.981,50507.41594594594,51.677113924621814
2024-04-30,63866.0,64734.0,59191.6,60672.0,54947.65535,66882.859,50562.06424731182,40.31679752816029
2024-05-01,60672.01,60841.63,56552.82,58364.97,81166.46823,66621.1182,50603.79101604278,40.84643738968203
2024-05-02,58364.97,59625.0,56911.84,59060.61,47583.81961,66340.8822,50648.77409574468,34.70154716826643
2024-05-03,59060.6,63333.0,58811.32,62882.01,43628.40143,66170.74359999999,50713.50021164021,47.38327622762366
2024-05-04,62882.01,64540.0,62541.03,63892.04,24368.69282,66058.5874,50782.86094736842,47.050062428224436
2024-05-05,63892.03,64646.0,62822.17,64012.0,18526.75029,66032.8148,50852.123455497385,47.403420894811646
2024-05-06,64012.0,65500.0,62700.0,63165.19,34674.91949,65928.249,50916.25401041666,39.163604767369776
2024-05-07,63165.18,64422.41,62261.0,62312.08,25598.79472,65822.2908,50975.29974093264,38.15038386340841
2024-05-08,62312.07,63020.22,60888.0,61193.03,26121.19004,65807.40340000001,51027.96845360825,40.5030276859058
2024-05-09,61193.03,63429.03,60630.0,63074.01,30660.8061,65712.0734,51089.74302564103,46.03804928036603
2024-05-10,63074.0,63469.13,60187.12,60799.99,36529.34025,65618.0478,51139.28510204082,42.39267857874676
2024-05-11,60799.99,61515.0,60487.09,60825.99,13374.56936,65558.6348,51188.4561928934,43.14927617514008
2024-05-12,60825.99,61888.0,60610.0,61483.99,12753.13236,65508.51440000001,51240.45383838384,45.820089692795264
2024-05-13,61484.0,63450.0,60749.21,62940.08,32733.41839,65423.11619999999,51299.24592964824,47.71514530562449
2024-05-14,62940.09,63118.36,61142.77,61577.49,29088.72041,65257.065800000004,51350.637149999995,52.456470749092134
2024-05-15,61577.49,66444.16,61319.47,66206.5,43559.74719,65181.4358,51511.26465,68.89280377628151
2024-05-16,66206.51,66752.01,64602.77,65235.21,31106.3671,65096.74019999999,51664.81125,64.6816153819084
2024-05-17,65235.21,67451.2,65106.38,67024.0,26292.23409,65021.6082,51827.55760000001,60.902423860520216
2024-05-18,67024.0,67400.01,66600.0,66915.2,14441.25774,64962.9014,51988.93474999999,58.35380916853185
2024-05-19,66915.2,67700.0,65857.25,66274.01,18025.30409,64896.738,52143.197649999995,56.07553397046474
2024-05-20,66274.0,71515.56,66060.31,71446.62,50816.7011,64900.0702,52325.7228,68.04899237322006
2024-05-21,71446.62,71979.0,69162.94,70148.34,49607.4336,64910.041,52502.880600000004,66.75366768291377
2024-05-22,70148.34,70666.0,68842.19,69166.62,27673.18026,64984.0936,52673.40335,67.14797003101587
2024-05-23,69166.62,70096.12,66312.16,67969.65,40513.17374,65024.221,52838.1922,60.84768866971319
2024-05-24,67969.66,69250.0,66600.12,68549.99,28095.83664,65025.465,53005.7117,68.56582699619771
2024-05-25,68549.99,69610.0,68500.0,69290.57,12130.39418,65054.864,53175.16895000001,69.60640703855137
2024-05-26,69290.56,69562.23,68128.01,68507.67,11872.11797,65047.0974,53339.5837,66.17527575679969
2024-05-27,68507.67,70687.56,68250.0,69436.43,23136.92737,65048.618200000004,53503.2604,65.33327542753125
2024-05-28,69436.43,69591.81,67277.91,68398.39,32622.97042,64984.18600000001,53658.74420000001,66.34979730844016
2024-05-29,68398.4,68935.68,67124.65,67652.42,23159.83149,64954.3144,53811.35630000001,54.258657983157626
2024-05-30,67652.41,69500.0,67128.0,68352.17,28478.2184,64908.7362,53967.796500000004,59.329589875903174
2024-05-31,68352.17,69044.1,66670.0,67540.01,26690.32184,64859.411799999994,54123.1819,51.64041106124271
2024-06-01,67540.01,67900.0,67428.44,67766.85,8837.66133,64872.418399999995,54284.260200000004,52.68725258123289
2024-06-02,67766.84,68460.0,67257.47,67765.63,15426.32529,64949.24079999999,54433.79734999999,54.904663510923896
2024-06-03,67765.62,70288.0,67612.48,68809.9,29633.374,65012.202000000005,54597.029299999995,38.099081044972834
2024-06-04,68809.89,71063.45,68567.32,70537.84,29619.78489,65154.559,54766.6489,51.692380421048604
2024-06-05,70537.83,71758.0,70383.66,71108.0,28703.18082,65300.851200000005,54939.348399999995,58.74818626699952
2024-06-06,71108.0,71700.0,70117.64,70799.06,21842.00449,65491.285,55106.54439999999,63.85896372112888
2024-06-07,70799.06,71997.02,68420.0,69355.6,35598.45045,65608.9954,55266.078499999996,53.638382836584626
2024-06-08,69355.6,69582.2,69168.02,69310.46,9773.82967,65718.8444,55433.922549999996,50.095850340463876
2024-06-09,69310.46,69857.14,69130.24,69648.14,9890.56709,65812.9954,55595.121549999996,55.74235700122757
2024-06-10,69648.15,70195.94,69172.29,69540.0,17122.66941,65904.9724,55756.35015,50.56845936917864
2024-06-11,69540.0,69590.01,66051.0,67314.24,41436.01588,65914.8708,55904.3535,44.73582243336447
2024-06-12,67314.23,69999.0,66905.0,68263.99,37175.32356,65951.8706,56056.770099999994,52.91190253313669
2024-06-13,68263.98,68449.3,66251.78,66773.01,29079.55571,66001.539,56203.398,43.00788846343216
2024-06-14,66773.01,67370.24,65078.0,66043.99,28408.18797,66032.45199999999,56347.404449999995,43.32688035827397
2024-06-15,66043.99,66478.48,65857.1,66228.25,11451.80242,66081.6168,56489.451349999996,43.11077917239794
2024-06-16,66228.25,66998.7,66034.5,66676.87,9392.52223,66145.9146,56633.5625,45.31277445041031
2024-06-17,66676.86,67298.81,65130.0,66504.33,27386.16851,66213.6288,56777.46435,39.2688219288259
2024-06-18,66504.33,66588.23,64060.0,65175.32,42350.10244,66239.8152,56909.92835,24.07772640876452
2024-06-19,65175.32,65727.54,64666.0,64974.37,20060.79576,66325.8626,57037.548449999995,19.25267563977232
2024-06-20,64974.37,66482.94,64559.15,64869.99,24265.29031,66455.963,57162.0371,19.6557925584127
2024-06-21,64869.99,65066.66,63379.35,64143.56,25993.56442,66557.622,57272.7994,21.212660146299413
2024-06-22,64143.56,64546.81,63943.82,64262.01,7308.95542,66585.22200000001,57373.74285,22.340200548544345
2024-06-23,64262.01,64521.0,63178.32,63210.01,8224.45447,66571.58140000001,57470.979450000006,17.28688890266443
2024-06-24,63210.01,63369.8,58402.0,60293.3,52161.35414,66497.2074,57556.08024999999,13.448484685576389
2024-06-25,60293.3,62420.0,60257.06,61806.01,31189.24361,66470.0238,57644.25534999999,26.92561292446844
2024-06-26,61806.01,62487.81,60712.0,60864.99,22485.66463,66441.082,57730.012299999995,18.982349409914193
2024-06-27,60864.98,62389.22,60606.63,61706.47,18344.28631,66451.35079999999,57819.5971,27.53711345873849
2024-06-28,61706.46,62225.31,60063.0,60427.84,24821.19255,66398.4274,57915.4693,26.257462677102467
2024-06-29,60427.84,61224.0,60383.77,60986.68,11509.55904,66402.16119999999,58012.94075,28.52127191382891
2024-06-30,60986.68,63058.76,60712.21,62772.01,17326.30136,66441.0816,58112.455649999996,35.578661710915895
2024-07-01,62772.01,63861.76,62497.2,62899.99,24547.10538,66469.4016,58211.8443,36.64457770610765
2024-07-02,62900.0,63288.83,61806.28,62135.47,18573.11875,66453.3094,58312.82015,38.24445470527319
2024-07-03,62135.46,62285.94,59400.0,60208.58,32160.11127,66425.9312,58402.4729,33.74046509914115
2024-07-04,60208.57,60498.19,56771.0,57050.01,54568.77276,66242.8014,58480.8497,27.92158585532337
2024-07-05,57050.02,57546.0,53485.93,56628.79,81348.24756,66070.673,58550.70465,28.411230525701924
2024-07-06,56628.79,58475.0,56018.0,58230.13,21651.31558,65894.7956,58630.47535,34.031864899265315
2024-07-07,58230.13,58449.46,55724.37,55857.81,19118.93918,65673.64779999999,58691.41975000001,31.808293529748255
2024-07-08,55857.81,58236.73,54260.16,56714.62,48090.2049,65482.46,58755.68385,40.14010621755092
2024-07-09,56714.61,58296.0,56289.45,58050.0,27732.20788,65214.5276,58826.088650000005,39.54941283771639
2024-07-10,58050.0,59470.0,57157.79,57725.85,24951.73799,64966.0778,58896.2071,40.955290760459306
2024-07-11,57725.85,59650.0,57050.0,57339.89,29761.05735,64729.5432,58967.94905,37.07954934151736
2024-07-12,57339.89,58526.68,56542.47,57889.1,23652.4569,64527.932199999996,59039.5139,42.149126821749924
2024-07-13,57889.09,59850.0,57756.63,59204.02,15357.74519,64341.0128,59122.989349999996,44.73352398284153
2024-07-14,59204.01,61420.69,59194.01,60797.91,21178.33907,64171.1596,59209.83465,44.101233717958834
2024-07-15,60797.91,64900.0,60632.3,64724.14,38690.9782,64095.489,59320.63655,54.44233981007637
2024-07-16,64724.06,65388.97,62373.24,65043.99,42530.52915,64007.640199999994,59435.52175,57.23990055130896
2024-07-17,65044.0,66128.63,63854.0,64087.99,29567.52954,63921.432199999996,59545.2603,60.14710305845672
2024-07-18,64087.99,65133.3,63238.48,63987.92,22568.7225,63848.142199999995,59653.782,71.60353358430874
2024-07-19,63987.92,67386.0,63300.67,66660.0,35634.72739,63814.2988,59766.18425,77.39538709682705
2024-07-20,66660.01,67598.0,66222.46,67139.96,14386.92434,63806.2978,59877.14949999999,75.92051588338282
2024-07-21,67139.97,68366.66,65777.0,68165.34,21819.11191,63814.2676,60003.75005,88.84979630540363
2024-07-22,68165.35,68474.55,66559.97,67532.01,21451.04303,63809.5952,60120.6546,84.63468876649625
2024-07-23,67532.0,67750.98,65441.08,65936.01,31406.15316,63752.117399999996,60229.6091,74.83465106509213
2024-07-24,65936.0,67102.01,65111.0,65376.0,23082.56277,63648.8806,60336.6475,73.73922368985329
2024-07-25,65376.01,66175.49,63456.7,65799.95,35126.42934,63542.7196,60446.00215,76.19070911306382
2024-07-26,65799.95,68200.0,65722.63,67907.99,24244.36023,63484.898199999996,60550.78690000001,78.28643156776708
2024-07-27,67908.0,69399.99,66650.0,67896.5,31710.21921,63455.716199999995,60659.7194,76.49131917777827
2024-07-28,67896.49,68318.43,67066.66,68249.88,10868.69394,63434.5046,60767.69885000001,74.56838657054669
2024-07-29,68249.88,70079.99,66428.0,66784.69,36467.29633,63377.23560000001,60869.9265,58.109381309165954
2024-07-30,66784.68,67000.0,65302.67,66188.0,23132.25441,63310.19560000001,60986.95285,54.40628521819781
2024-07-31,66188.0,66849.24,64530.0,64628.0,22625.43905,63256.4708,61095.8529,51.98743961423775
2024-08-01,64628.01,65659.78,62302.0,65354.02,35542.26854,63198.271400000005,61213.96125,54.806312062326896
2024-08-02,65354.02,65596.14,61230.01,61498.33,38820.42937,63092.7778,61308.8974,33.236029835409
2024-08-03,61498.34,62198.22,59850.0,60697.99,28034.71567,62985.857800000005,61396.6976,29.504419519315604
2024-08-04,60697.99,61117.63,57122.77,58161.0,31616.52003,62824.512800000004,61473.6221,20.963399569980382
2024-08-05,58161.0,58305.59,49000.0,54018.81,162065.59186,62571.3516,61537.07865,17.41605653554838
2024-08-06,54018.82,57040.99,53950.0,56022.01,55884.77676,62361.705200000004,61608.89355000001,26.555087739876427
2024-08-07,56022.0,57736.05,54558.62,55134.16,44269.37684,62160.882000000005,61676.08415,26.14961934738082
2024-08-08,55133.76,62745.14,54730.0,61685.99,48349.52949,62095.114400000006,61776.61245,42.54687686828098
2024-08-09,61686.0,61744.37,59535.0,60837.99,30972.48017,62014.47439999999,61882.96229999999,36.578766127311496
2024-08-10,60837.99,61470.58,60242.0,60923.51,9995.20621,61950.0734,61988.091850000004,36.8000245334759
2024-08-11,60923.51,61858.0,58286.73,58712.59,19189.84512,61839.085,62081.2304,33.13203937824787
2024-08-12,58712.59,60711.09,57642.21,59346.64,37009.91743,61761.817599999995,62178.158149999996,36.44635119932039
2024-08-13,59346.64,61578.1,58392.88,60587.15,27858.95851,61767.6946,62271.97635,40.02808093548044
2024-08-14,60587.16,61800.0,58433.18,58683.39,28422.76326,61705.24220000001,62354.79015000001,39.544029996971176
2024-08-15,58683.39,59849.38,56078.54,57541.06,37686.17622,61638.763600000006,62432.34015,36.456139718297365
2024-08-16,57541.05,59817.76,57098.62,58874.6,27610.84344,61582.1262,62510.199649999995,45.01590553257224
2024-08-17,58874.59,59700.0,58785.05,59491.99,7721.72931,61563.4092,62592.9541,47.693021063521115
2024-08-18,59491.99,60284.99,58408.92,58427.35,13634.85717,61512.22260000001,62672.19085,50.53991915098398
2024-08-19,58427.35,59617.63,57787.3,59438.5,22809.31251,61445.5524,62753.96865,62.583626697203435
2024-08-20,59438.5,61400.0,58548.23,59013.8,31477.44548,61367.8286,62833.03765,57.495894757466225
2024-08-21,59013.8,61820.93,58783.47,61156.03,27983.6422,61348.2398,62923.762350000005,64.19544594982594
2024-08-22,61156.03,61400.0,59724.87,60375.84,21241.20588,61351.585,63012.72715,45.75699222679292
2024-08-23,60375.83,64955.0,60342.14,64037.24,38118.07089,61491.3296,63119.36985,58.763949588901795
2024-08-24,64037.24,64494.5,63531.0,64157.01,15857.15616,61641.894,63224.66015,58.84118298774291
2024-08-25,64157.02,65000.0,63773.27,64220.0,12305.47977,61761.6914,63324.012149999995,67.06279645447421
2024-08-26,64219.99,64481.0,62800.0,62834.0,19470.05276,61901.215200000006,63411.738900000004,60.323375131730074
2024-08-27,62834.0,63212.0,58034.01,59415.0,35135.94178,61955.2228,63473.15005,46.926570696346815
2024-08-28,59415.0,60234.98,57860.0,59034.9,36868.54275,61974.9208,63529.5691,51.0017138365945
2024-08-29,59034.9,61166.99,58713.09,59359.01,27020.90743,62007.584,63584.864199999996,55.43411005182575
2024-08-30,59359.0,59944.07,57701.1,59123.99,28519.32195,62043.265999999996,63630.897800000006,50.79785957748218
2024-08-31,59123.99,59462.38,58744.0,58973.99,8798.409,62064.963800000005,63677.2698,48.29170321806178
2024-09-01,58974.0,59076.59,57201.0,57301.86,20705.15741,62026.920600000005,63704.803250000004,46.43127342047171
2024-09-02,57301.77,59425.69,57128.0,59132.13,22895.01461,61993.605,63741.063899999994,49.07652621698574
2024-09-03,59132.12,59809.65,57415.0,57487.73,22828.18447,61848.8768,63767.882000000005,45.715118424089475
2024-09-04,57487.74,58519.0,55606.0,57970.9,35560.82146,61707.415,63799.5233,40.13803096872475
2024-09-05,57970.9,58327.07,55643.65,56180.0,27806.91413,61549.25519999999,63819.73495,37.773831738664725
2024-09-06,56180.0,57008.0,52550.0,53962.97,54447.76826,61348.7562,63830.67615,17.946737139108194
2024-09-07,53962.97,54850.0,53745.54,54160.86,16694.04774,61098.7734,63840.186349999996,18.352612959784068
2024-09-08,54160.86,55318.0,53629.01,54869.95,16274.14779,60853.3732,63855.28915,21.561568722394313
2024-09-09,54869.95,58088.0,54591.96,57042.0,32384.51737,60630.90640000001,63884.05705,33.187384035910256
2024-09-10,57042.01,58044.36,56386.4,57635.99,23626.78126,60432.986,63918.51625,43.82294628875393
2024-09-11,57635.99,57981.71,55545.19,57338.0,33026.56757,60261.0258,63947.36515,44.07425876726143
2024-09-12,57338.0,58588.0,57324.0,58132.32,31074.40631,60116.152200000004,63979.3825,45.8524842357953
2024-09-13,58132.31,60625.0,57632.62,60498.0,29825.23333,60010.1132,64009.49015,54.0605748242647
2024-09-14,60497.99,60610.45,59400.0,59993.03,12137.90901,59851.814000000006,64024.268599999996,52.949655780866834
2024-09-15,59993.02,60395.8,58691.05,59132.0,13757.92361,59676.524000000005,64007.768099999994,55.5584172296538
2024-09-16,59132.0,59210.7,57493.3,58213.99,26477.5642,59475.8062,63993.18315,47.04788007089153
2024-09-17,58213.99,61320.0,57610.01,60313.99,33116.25878,59346.392199999995,63982.813599999994,58.82868552778561
2024-09-18,60313.99,61786.24,59174.8,61759.99,36087.02469,59257.832,63981.677149999996,61.164774485162596
2024-09-19,61759.98,63850.0,61555.0,62947.99,34332.52608,59224.231799999994,63980.84725,70.67691959880362
2024-09-20,62948.0,64133.32,62350.0,63201.05,25466.37794,59181.1724,63955.62395000001,82.07203403952762
2024-09-21,63201.05,63559.9,62758.0,63348.96,8375.34608,59218.185,63953.748700000004,82.0096013823761
2024-09-22,63348.97,64000.0,62357.93,63578.76,14242.19892,59275.8004,63941.2723,81.38805332156932
2024-09-23,63578.76,64745.88,62538.75,63339.99,24078.05287,59379.38020000001,63923.8564,76.3745306557293
2024-09-24,63339.99,64688.0,62700.0,64262.7,23185.04759,59584.258,63904.54895,77.00756016546775
2024-09-25,64262.7,64817.99,62947.08,63152.01,17813.11168,59726.858,63878.74265000001,72.22319479854292
2024-09-26,63152.01,65839.0,62670.0,65173.99,28373.30593,59927.6546,63859.833199999994,74.60640830940251
2024-09-27,65173.99,66498.0,64819.9,65769.95,22048.80487,60009.3338,63828.29245,71.02239512428929
2024-09-28,65769.95,66260.0,65422.23,65858.0,9127.23316,60109.734000000004,63800.322400000005,74.19148867717047
2024-09-29,65858.0,66076.12,65432.0,65602.01,8337.74111,60203.304,63762.9704,78.0891261820641
2024-09-30,65602.01,65618.8,62856.3,63327.59,30011.08752,60295.60400000001,63722.66365,69.86120152190495
2024-10-01,63327.6,64130.63,60164.0,60805.78,43671.48108,60324.786799999994,63679.1933,51.84950903148893
2024-10-02,60804.92,62390.31,60000.0,60649.28,31534.70118,60326.02939999999,63655.936550000006,45.374219638253656
2024-10-03,60649.27,61477.19,59828.11,60752.71,26221.43472,60367.4158,63617.73269999999,39.949345669109654
2024-10-04,60752.72,62484.85,60459.9,62086.0,21294.65994,60458.3146,63590.11274999999,45.35446547085275
2024-10-05,62086.0,62370.56,61689.26,62058.0,7807.46141,60521.98260000001,63590.71575,44.56730688302726
2024-10-06,62058.01,62975.0,61798.97,62819.91,8906.86177,60588.541,63565.61274999999,46.9434511270382
2024-10-07,62819.91,64478.19,62128.0,62224.0,25966.1852,60664.473999999995,63549.2264,45.63064526864334
2024-10-08,62224.01,63200.0,61860.31,62160.49,19702.22371,60718.9138,63541.04564999999,41.17567550550102
2024-10-09,62160.5,62543.75,60301.0,60636.02,20011.15684,60751.3582,63524.27569999999,39.79333448544164
2024-10-10,60636.01,61321.68,58946.0,60326.39,23967.92481,60734.76539999999,63489.85769999999,27.16171293748731
2024-10-11,60326.4,63417.56,60087.64,62540.0,23641.35209,60778.048599999995,63453.157649999994,36.795543610947384
2024-10-12,62539.99,63480.0,62487.23,63206.22,10911.30116,60761.4282,63419.24875,39.64852014646296
2024-10-13,63206.23,63285.72,62050.0,62870.02,11909.21995,60735.6884,63386.2489,39.40178029018747
2024-10-14,62870.02,66500.0,62457.81,66083.99,37669.95222,60772.968199999996,63362.765849999996,59.96640262183932
2024-10-15,66084.0,67950.0,64800.01,67074.14,43683.95423,60857.77099999999,63348.88385,75.48776917572047
2024-10-16,67074.14,68424.0,66750.49,67620.01,29938.25544,61021.8712,63339.073000000004,77.47373714840644
2024-10-17,67620.0,67939.4,66666.0,67421.78,25328.22861,61189.6088,63319.78185000001,76.08984294619265
2024-10-18,67421.78,69000.0,67192.36,68428.0,28725.635,61370.9886,63313.67285,75.46190350010838
2024-10-19,68427.99,68693.26,68010.0,68378.0,8193.66737,61556.0688,63328.2429,75.32883399193643
2024-10-20,68377.99,69400.0,68100.0,69031.99,12442.47378,61757.2288,63343.58645,75.11355936862768
2024-10-21,69032.0,69519.52,66840.67,67377.5,31374.42184,61958.7416,63338.035,69.19143846227178
2024-10-22,67377.5,67836.01,66571.42,67426.0,24598.96268,62124.619000000006,63336.0619,69.63050504975189
2024-10-23,67426.01,67472.83,65260.0,66668.65,25530.2407,62308.237400000005,63324.92515,73.8548910468878
2024-10-24,66668.65,68850.0,66510.0,68198.28,22589.83877,62512.785,63319.1146,78.38879780849263
2024-10-25,68198.27,68771.49,65596.29,66698.33,34479.71125,62723.151600000005,63294.50625,65.81021491517225
2024-10-26,66698.32,67454.55,66439.9,67092.76,11842.9077,62985.7474,63284.24005,65.08869491217469
2024-10-27,67092.76,68332.05,66913.73,68021.7,8653.19592,63262.9642,63271.19314999999,69.12034988850718
2024-10-28,68021.69,70270.0,67618.0,69962.21,29046.75459,63564.8094,63270.97305,65.89661148393294
2024-10-29,69962.21,73620.12,69760.0,72736.42,50128.60594,63878.697799999994,63299.07255,70.24799890146984
2024-10-30,72736.41,72961.0,71436.0,72344.74,26885.99056,64172.872800000005,63341.1737,67.0837633143455
2024-10-31,72344.75,72700.0,69685.76,70292.01,29352.10297,64431.953,63364.32455,59.150984241801254
2024-11-01,70292.01,71632.95,68820.14,69496.01,38301.86755,64659.2268,63394.70465,53.45133692811914
2024-11-02,69496.0,69914.37,69000.14,69374.74,10521.67243,64836.76159999999,63422.611399999994,53.20625488944705
2024-11-03,69374.74,69391.0,67478.73,68775.99,24995.70243,65012.4208,63460.1045,49.173577196928804
2024-11-04,68775.99,69500.0,66835.0,67850.01,29800.39187,65186.780999999995,63482.00415,51.60065122260063
2024-11-05,67850.01,70577.91,67476.63,69372.01,33355.06888,65409.941399999996,63509.77415,55.99383494430934
2024-11-06,69372.01,76400.0,69298.0,75571.99,104126.994787,65715.1014,63562.931150000004,70.53726553626444
2024-11-07,75571.99,76849.99,74416.0,75857.89,44869.422345,65997.0594,63617.51485000001,68.74384859680711
2024-11-08,75857.89,77199.99,75555.0,76509.78,36521.099583,66268.29520000001,63665.96715,75.04931253500895
2024-11-09,76509.78,76900.0,75714.66,76677.46,16942.07915,66537.8234,63717.28445000001,74.7570453239878
2024-11-10,76677.46,81500.0,76492.0,80370.01,61830.100435,66878.2444,63797.686550000006,77.9106673122033
2024-11-11,80370.01,89530.54,80216.01,88647.99,82323.665776,67379.629,63918.4348,82.82975972113877
2024-11-12,88648.0,89940.0,85072.0,87952.01,97299.887911,67871.8694,64039.344800000006,78.83884873487366
2024-11-13,87952.0,93265.64,86127.99,90375.2,86763.854127,68394.11940000001,64173.910899999995,81.73049442697908
2024-11-14,90375.21,91790.0,86668.21,87325.59,56729.51086,68877.591,64294.94575,78.96004455815203
2024-11-15,87325.59,91850.0,87073.38,91032.07,47927.95068,69394.75259999999,64430.7761,83.31770796590513
2024-11-16,91032.08,91779.66,90056.17,90586.92,22717.87689,69891.092,64580.3507,82.49104252289604
2024-11-17,90587.98,91449.99,88722.0,89855.99,23867.55609,70371.0518,64737.8058,82.1583631576217
2024-11-18,89855.98,92594.0,89376.9,90464.08,46545.03448,70868.2932,64894.823150000004,84.83652885427394
2024-11-19,90464.07,93905.51,90357.0,92310.79,43660.04682,71447.9572,65041.96705,84.98672447053453
2024-11-20,92310.8,94831.97,91500.0,94286.56,42203.198712,72117.57280000001,65193.93965,82.7660007332469
2024-11-21,94286.56,98988.0,94040.0,98317.12,69228.360477,72870.9296,65365.465249999994,84.76384386753125
2024-11-22,98317.12,99588.01,97122.11,98892.0,46189.309243,73633.71539999999,65544.0993,84.72743375134517
2024-11-23,98892.0,98908.85,97136.0,97672.4,24757.84367,74345.4434,65720.9009,81.54526724980373
2024-11-24,97672.4,98564.0,95734.77,97900.04,31200.97838,75062.2842,65904.43595,79.40040056929003
2024-11-25,97900.05,98871.8,92600.19,93010.01,50847.45096,75666.0862,66054.11594999999,58.25370431060122
2024-11-26,93010.01,94973.37,90791.1,91965.16,57858.73138,76260.9094,66209.9418,57.49463368428995
2024-11-27,91965.16,97208.21,91792.14,95863.11,41153.42734,76934.96179999999,66385.1274,59.71371677891551
2024-11-28,95863.11,96564.0,94640.0,95643.98,28814.54357,77635.121,66555.92735,66.36333557192468
2024-11-29,95643.99,98619.99,95364.99,97460.0,27701.78231,78377.7932,66728.52695,63.66057148054749
2024-11-30,97460.0,97463.95,96092.01,96407.99,14503.83306,79055.153,66902.67945,62.05980980493634
2024-12-01,96407.99,97836.0,95693.88,97185.18,16938.60452,79734.7322,67057.57285,65.15521022579001
2024-12-02,97185.17,98130.0,94395.0,95840.62,37958.66981,80394.1442,67210.59989999999,60.788942444686136
2024-12-03,95840.61,96305.52,93578.17,95849.69,35827.32283,80989.45820000001,67354.72835,57.666840271308544
2024-12-04,95849.69,99000.0,94587.83,98587.32,43850.53728,81619.7218,67513.08894999999,59.01962659472376
2024-12-05,98587.32,104088.0,90500.0,96945.63,109921.729662,82206.2342,67666.44705,46.80338892190798
2024-12-06,96945.63,101898.99,95981.72,99740.84,45049.5331,82852.6154,67807.91815,51.79287597718541
2024-12-07,99740.84,100439.18,98844.0,99831.99,14931.9459,83480.6952,67956.3364,54.78969470101532
2024-12-08,99831.99,101351.0,98657.7,101109.59,14612.99688,84135.32699999999,68116.05125,56.8015973491667
2024-12-09,101109.6,101215.93,94150.05,97276.47,53949.11595,84700.2166,68262.58535000001,59.46538120563445
2024-12-10,97276.48,98270.0,94256.54,96593.0,51708.68933,85284.5266,68402.80040000001,60.4344375400211
2024-12-11,96593.0,101888.0,95658.24,101125.0,37753.78291,85958.50660000001,68561.97255,61.53424945801923
2024-12-12,101125.0,102540.0,99311.64,100004.29,29232.08745,86625.21940000002,68719.45564999999,59.19453191983781
2024-12-13,100004.29,101895.26,99205.0,101424.25,21904.03923,87289.7388,68879.39474999999,58.50136626611544
2024-12-14,101424.24,102650.0,100609.41,101420.0,14191.70326,87984.1722,69044.50279999999,61.25403669275686
2024-12-15,101420.0,105250.0,101237.14,104463.99,22228.921775,88731.5968,69228.56065,64.83388025226611
2024-12-16,104463.99,107793.07,103333.0,106058.66,41302.40274,89492.336,69417.0931,70.61375406907214
2024-12-17,106058.65,108353.0,105321.49,106133.74,29064.936466,90215.7666,69610.06175,70.69181220682215
2024-12-18,106133.74,106524.98,100000.0,100204.01,50307.99755,90765.11839999999,69772.24755,52.88255773442075
2024-12-19,100204.01,102800.11,95700.0,97461.86,55147.398,91267.4608,69920.7287,50.88568164872015
2024-12-20,97461.86,98233.0,92232.54,97805.44,62884.1357,91817.7294,70065.70640000001,46.374495812518326
2024-12-21,97805.44,99540.61,96398.39,97291.99,23483.54143,92373.649,70199.47714999999,45.31603141725825
2024-12-22,97292.0,97448.08,94250.35,95186.27,19353.83036,92889.87960000001,70319.86850000001,39.40064161752897
2024-12-23,95186.28,96538.92,92520.0,94881.47,32810.76703,93411.9892,70440.28055,45.09493904207335
2024-12-24,94881.47,99487.99,93569.02,98663.58,23674.22488,94028.26060000001,70586.82045,53.763021495918174
2024-12-25,98663.58,99569.15,97632.02,99429.6,14474.1651,94629.4124,70737.41615,46.43016867526707
2024-12-26,99429.61,99963.7,95199.14,95791.6,21192.36727,95033.8046,70868.13345000001,41.97995622062705
2024-12-27,95791.6,97544.58,93500.01,94299.03,26501.26429,95402.62739999998,70991.9286,36.47253278007544
2024-12-28,94299.03,95733.99,94135.66,95300.0,8385.8929,95778.43179999999,71131.85740000001,38.80467598683489
2024-12-29,95300.0,95340.0,93009.52,93738.2,13576.00578,96119.64660000001,71259.22845,29.254312754224756
2024-12-30,93738.19,95024.5,91530.45,92792.05,27619.4225,96368.08739999999,71389.32365,23.679585812786485
2024-12-31,92792.05,96250.0,92033.73,93576.0,19612.03389,96466.6476,71526.9837,25.76755046119409
2025-01-01,93576.0,95151.15,92888.0,94591.79,10373.32613,96599.44319999998,71668.80140000001,36.63570042663115
2025-01-02,94591.78,97839.5,94392.0,96984.79,21970.48948,96731.635,71820.341,48.84474990446974
2025-01-03,96984.79,98976.91,96100.01,98174.18,15253.82936,96948.60680000001,71978.69025,50.857785436862464
2025-01-04,98174.17,98778.43,97514.79,98220.5,8990.05651,97092.3754,72143.91615,52.207942419574444
2025-01-05,98220.51,98836.85,97276.79,98363.61,8095.63723,97247.9092,72310.86235000001,58.333359560805235
2025-01-06,98363.61,102480.0,97920.0,102235.6,25263.43375,97495.50140000001,72497.6904,66.24779010541656
2025-01-07,102235.6,102724.38,96181.81,96954.61,32059.87537,97625.31199999999,72661.74565,46.458834523757716
2025-01-08,96954.6,97268.65,92500.9,95060.61,33704.67894,97680.3084,72815.73865,41.35128511606012
2025-01-09,95060.61,95382.32,91203.67,92552.49,34544.83685,97645.62700000001,72962.45104999999,43.2876950781556
2025-01-10,92552.49,95836.0,92206.02,94726.11,31482.86424,97573.80679999999,73134.61510000001,50.860729084371926
2025-01-11,94726.1,95050.94,93831.73,94599.99,7047.9043,97487.9666,73298.585,48.53764568496744
2025-01-12,94599.99,95450.1,93711.19,94545.06,8606.86622,97425.4198,73466.98535,51.79882001901238
2025-01-13,94545.07,95940.0,89256.69,94536.1,42619.56423,97358.141,73631.1335,54.05776283149274
2025-01-14,94536.11,97371.0,94346.22,96560.86,27846.61753,97429.15800000001,73811.79860000001,56.565586355257786
2025-01-15,96560.85,100681.94,96500.0,100497.35,30509.99179,97599.8018,74009.35195,61.51100507566723
2025-01-16,100497.35,100866.66,97335.13,99987.3,27832.85317,97682.2856,74195.4284,56.31606072653916
2025-01-17,99987.3,105865.22,99950.77,104077.48,39171.85292,97850.9556,74401.31585,61.067453478937104
2025-01-18,104077.47,104988.88,102277.55,104556.23,24307.82998,97992.8802,74613.41965,61.68864592261772
2025-01-19,104556.23,106422.43,99651.6,101331.57,43397.28298,98091.3518,74819.0346,54.91650769523339
2025-01-20,101331.57,109588.0,99550.0,102260.01,89529.231732,98192.8484,75045.0846,50.04480531804798
2025-01-21,102260.0,107240.81,100119.04,106143.82,45941.02002,98398.9124,75292.65975,67.77899066242207
2025-01-22,106143.82,106394.46,103339.12,103706.66,22248.69254,98556.0518,75520.0424,66.38375202048054
2025-01-23,103706.66,106850.0,101262.28,103910.34,53953.12031,98662.51220000001,75760.30505,73.581998877982
2025-01-24,103910.35,107120.0,102750.0,104870.5,23609.24017,98821.0096,76001.08445000001,72.18017198592804
2025-01-25,104870.51,105286.52,104106.09,104746.85,9068.32377,98921.12980000001,76234.5687,72.18796904356225
2025-01-26,104746.86,105500.0,102520.44,102620.0,9812.51238,98976.89,76459.03945,66.19029096625178
2025-01-27,102620.01,103260.0,97777.77,102082.83,50758.1341,98996.3548,76682.75415,64.81737671018514
2025-01-28,102082.83,103800.0,100272.68,101335.52,22022.05765,99077.5358,76899.98625,59.869747266867215
2025-01-29,101335.52,104782.68,101328.01,103733.24,23155.35802,99220.34059999998,77122.63235,57.143374339226455
2025-01-30,103733.25,106457.44,103278.54,104722.94,19374.07472,99292.29939999999,77342.2575,60.23734459065668
2025-01-31,104722.94,106012.0,101560.0,102429.56,21983.18193,99340.80479999998,77530.7846,46.13752575889115
2025-02-01,102429.56,102783.71,100279.51,100635.65,12290.95747,99325.03279999999,77708.7429,41.34438086154823
2025-02-02,100635.66,101456.6,96150.0,97700.59,34619.49939,99250.64459999999,77876.80589999999,41.8799087574917
2025-02-03,97700.59,102500.01,91231.0,101328.52,75164.7385,99187.9352,78063.5089,48.141294279674476
2025-02-04,101328.51,101732.31,96150.0,97763.13,40267.98697,99022.0246,78219.02455,33.061832963001436
2025-02-05,97763.14,99149.0,96155.0,96612.43,26233.30444,98831.5984,78366.3869,34.87539339971114
2025-02-06,96612.44,99120.0,95676.64,96554.35,23515.20405,98758.60520000002,78508.33195,34.21936147107675
2025-02-07,96554.35,100137.99,95620.34,96506.8,31794.22065,98739.504,78653.2059,31.326358375308132
2025-02-08,96506.8,96880.0,95688.0,96444.74,10147.24294,98712.29000000002,78805.74955000001,31.41275101521036
2025-02-09,96444.75,97323.09,94713.0,96462.75,14120.91613,98695.70520000001,78961.1833,34.77734589202814
2025-02-10,96462.75,98345.0,95256.0,97430.82,20572.87537,98740.59619999999,79119.33765,38.73870907926316
2025-02-11,97430.82,98478.42,94876.88,95778.2,18647.76379,98758.53080000001,79258.6887,37.11207420346212
2025-02-12,95778.21,98119.99,94088.23,97869.99,29151.16625,98742.659,79408.55615,36.20687627180449
2025-02-13,97870.0,98083.91,95217.36,96608.14,19921.77616,98686.2298,79550.34744999999,31.15151627768695
2025-02-14,96608.13,98826.0,96252.82,97500.48,18173.02646,98720.4074,79703.9264,37.754057567169
2025-02-15,97500.47,97972.26,97223.58,97569.66,7349.37683,98785.82,79860.83469999999,41.66879068814495
2025-02-16,97569.67,97704.47,96046.18,96118.12,8191.4249,98802.1824,80018.2853,45.32287134149983
2025-02-17,96118.12,97046.59,95205.0,95780.0,16492.0451,98843.0184,80170.4152,29.641895313084802
2025-02-18,95780.01,96753.91,93388.09,95671.74,23368.19471,98900.6122,80341.28224999999,39.718018479533804
2025-02-19,95671.74,96899.99,95029.99,96644.37,16438.50954,98961.9796,80521.01415,50.159826262747586
2025-02-20,96644.37,98711.36,96415.09,98305.0,17057.39177,99036.24380000001,80721.73415,57.549387001763705
2025-02-21,98305.01,99475.0,94871.95,96181.98,32249.2814,99020.18760000002,80932.55,48.81193435024709
2025-02-22,96181.99,96980.0,95770.49,96551.01,11268.17708,98987.7242,81135.195,50.380157815396444
2025-02-23,96551.01,96650.0,95227.94,96258.0,10884.84913,98948.4742,81340.8142,49.2816843003377
2025-02-24,96258.0,96500.0,91349.26,91552.88,31550.10299,98812.2596,81490.14864999999,33.66253194983196
2025-02-25,91552.88,92540.69,86050.99,88680.4,78333.11111,98541.15559999998,81629.3607,31.524806080483117
2025-02-26,88680.39,89414.15,82256.01,84250.09,56893.54409,98287.06520000001,81745.99359999999,18.395666879529514
2025-02-27,84250.09,87078.46,82716.49,84708.58,42505.45439,98080.0246,81875.97355,21.318289099197088
2025-02-28,84708.57,85120.0,78258.52,84349.94,83648.03969,97915.9736,82000.99005,17.466005226996344
2025-03-01,84349.95,86558.0,83824.78,86064.53,25785.05464,97742.74200000001,82128.37695,23.679542383808084
2025-03-02,86064.54,95000.0,85050.6,94270.0,54889.09045,97736.1422,82306.31,46.77012771847409
2025-03-03,94269.99,94416.46,85117.11,86220.61,59171.10218,97569.65319999999,82449.70775,36.840434491605
2025-03-04,86221.16,88967.52,81500.0,87281.98,55609.10706,97424.5708,82591.74465,38.74588253852934
2025-03-05,87281.98,91000.0,86334.53,90606.01,38264.01163,97305.47379999999,82747.31474999999,42.38072982149409
2025-03-06,90606.0,92810.64,87836.0,89931.89,34342.44902,97094.1646,82904.83745,39.16496955025056
2025-03-07,89931.88,91283.02,84667.03,86801.75,57980.35713,96830.45360000001,83041.6537,38.17007384568354
2025-03-08,86801.74,86897.25,85218.47,86222.45,12989.23054,96473.35299999999,83177.69695,37.04280309892047
2025-03-09,86222.46,86500.0,80000.0,80734.37,26115.39345,95996.9158,83275.58865,32.771251054070746
2025-03-10,80734.48,82744.0,80037.62,82319.73,7154.62928,95616.679,83385.3081,38.99026919207083
